concept,type,abstract
AccountingForCertainLoansAndDebtSecuritiesAcquiredInTransferDisclosureTextBlock,textBlockItemType,false
AccountsNotesAndLoansReceivableNetCurrent,monetaryItemType,false
AccountsNotesAndLoansReceivableNetCurrentAbstract,stringItemType,true
AccountsPayableInterestBearingInterestRate,percentItemType,false
GainLossOnSaleOfDebtInvestments,monetaryItemType,false
AdvancesFromFederalHomeLoanBanks,monetaryItemType,false
AllCertainLoansAcquiredInTransferAccountedForAsAvailableForSaleDebtSecuritiesNotAccountedForUsingIncomeRecognitionModelAtCarryingValue,monetaryItemType,false
AllCertainLoansAcquiredInTransferAccountedForAsDebtSecuritiesNotAccountedForUsingIncomeRecognitionModelEndOfPeriodAtCarryingValue,monetaryItemType,false
AllCertainLoansAcquiredInTransferNotAccountedForAsDebtSecuritiesNotAccountedForUsingIncomeRecognitionModel,monetaryItemType,false
AllowanceForLoanAndLeaseLossesMember,domainItemType,true
AllowanceForLoanAndLeaseLossesForeignCurrencyTranslation,monetaryItemType,false
AllowanceForLoanAndLeaseLossesLoansAcquired,monetaryItemType,false
AllowanceForLoanAndLeaseLossesLoansSold,monetaryItemType,false
AllowanceForLoanAndLeaseLossesRollForward,stringItemType,true
AllowanceForLoanAndLeaseLossesPeriodIncreaseDecrease,monetaryItemType,false
AllowanceForLoanAndLeaseLossesAdjustmentsNet,monetaryItemType,false
AllowanceForLoanAndLeaseLossesWriteOffs,monetaryItemType,false
AllowanceForNotesAndLoansReceivableCurrent,monetaryItemType,false
AllowanceForUncollectibleAgencyLoansMember,domainItemType,true
AmortizationOfDeferredLoanOriginationFeesNet,monetaryItemType,false
DeferredGainLossOnDiscontinuationOfInterestRateFairValueHedge,monetaryItemType,false
InterestRateCashFlowHedgeGainLossReclassifiedToEarningsNet,monetaryItemType,false
InterestRateCashFlowHedgeGainLossToBeReclassifiedDuringNext12MonthsNet,monetaryItemType,false
ConvertibleDebtSecuritiesMember,domainItemType,true
AssetsDesignatedToClosedBlockMortgageLoansOnRealEstate,monetaryItemType,false
AssetsDesignatedToClosedBlockPolicyLoans,monetaryItemType,false
AssetsSoldUnderAgreementsToRepurchaseInterestRate,percentItemType,false
AuctionMarketPreferredSecuritiesStockSeriesVariableInterestRateEarned,percentItemType,false
AutomobileLoanMember,domainItemType,true
InterestExpenseBeneficialInterestsIssuedByConsolidatedVariableInterestEntities,monetaryItemType,false
AmortizationOfDebtDiscountPremium,monetaryItemType,false
InterestExpenseBorrowingsAbstract,stringItemType,true
BorrowingsUnderGuaranteedInvestmentAgreements,monetaryItemType,false
RealEstateVariableInterestEntityBorrowings,monetaryItemType,false
BridgeLoan,monetaryItemType,false
BridgeLoanMember,domainItemType,true
CapitalLeasesIncomeStatementInterestExpense,monetaryItemType,false
InterestExpenseCapitalSecurities,monetaryItemType,false
MortgageLoansOnRealEstateIntercompanyProfitsInCarryingAmountOfLoans,monetaryItemType,false
CarryingValueOfFederalFundsPurchasedSecuritiesSoldUnderAgreementsToRepurchaseAndDepositsReceivedForSecuritiesLoaned,monetaryItemType,false
CarryingValueOfSecuritiesSoldUnderRepurchaseAgreementsAndDepositsReceivedForSecuritiesLoanedAbstract,stringItemType,true
CarryingValueOfSecuritiesSoldUnderRepurchaseAgreementsAndDepositsReceivedForSecuritiesLoaned,monetaryItemType,false
InterestPaid,monetaryItemType,false
ProceedsFromLoans,monetaryItemType,false
InterestPaidNet,monetaryItemType,false
CertainLoansAcquiredInTransferAccountedForAsAvailableForSaleDebtSecuritiesAcquiredDuringPeriodAbstract,stringItemType,true
CertainLoansAcquiredInTransferAccountedForAsAvailableForSaleDebtSecuritiesAcquiredDuringPeriodAtAcquisitionAtFairValue,monetaryItemType,false
CertainLoansAcquiredInTransferAccountedForAsAvailableForSaleDebtSecuritiesAcquiredDuringPeriodCashFlowsExpectedToBeCollectedAtAcquisition,monetaryItemType,false
CertainLoansAcquiredInTransferAccountedForAsAvailableForSaleDebtSecuritiesAcquiredDuringPeriodContractuallyRequiredPaymentsReceivableAtAcquisition,monetaryItemType,false
CertainLoansAcquiredInTransferAccountedForAsAvailableForSaleDebtSecuritiesAcquiredDuringPeriodNotAccountedForUsingIncomeRecognitionModelAtAcquisitionAtCarryingValue,monetaryItemType,false
CertainLoansAcquiredInTransferAccountedForAsAvailableForSaleDebtSecuritiesNotAccountedForUsingIncomeRecognitionModelAbstract,stringItemType,true
CertainLoansAcquiredInTransferAccountedForAsDebtSecuritiesAbstract,stringItemType,true
CertainLoansAcquiredInTransferAccountedForAsDebtSecuritiesAccretableYield,monetaryItemType,false
CertainLoansAcquiredInTransferAccountedForAsDebtSecuritiesAccretableYieldAccretion,monetaryItemType,false
CertainLoansAcquiredInTransferAccountedForAsDebtSecuritiesAccretableYieldAdditions,monetaryItemType,false
CertainLoansAcquiredInTransferAccountedForAsDebtSecuritiesAccretableYieldDisposalsOfLoans,monetaryItemType,false
CertainLoansAcquiredInTransferAccountedForAsDebtSecuritiesAccretableYieldMovementScheduleRollForward,stringItemType,true
CertainLoansAcquiredInTransferAccountedForAsDebtSecuritiesAccretableYieldReclassificationsFromNonaccretableDifference,monetaryItemType,false
CertainLoansAcquiredInTransferAccountedForAsDebtSecuritiesAccretableYieldReclassificationsToNonaccretableDifference,monetaryItemType,false
CertainLoansAcquiredInTransferAccountedForAsDebtSecuritiesAcquiredDuringPeriodAbstract,stringItemType,true
CertainLoansAcquiredInTransferAccountedForAsDebtSecuritiesAcquiredDuringPeriodAtAcquisitionAtFairValue,monetaryItemType,false
CertainLoansAcquiredInTransferAccountedForAsDebtSecuritiesAcquiredDuringPeriodCashFlowsExpectedToBeCollectedAtAcquisition,monetaryItemType,false
CertainLoansAcquiredInTransferAccountedForAsDebtSecuritiesAcquiredDuringPeriodContractuallyRequiredPaymentsReceivableAtAcquisition,monetaryItemType,false
CertainLoansAcquiredInTransferAccountedForAsDebtSecuritiesAcquiredDuringPeriodNotAccountedForUsingIncomeRecognitionModelAtAcquisitionAtCarryingValue,monetaryItemType,false
CertainLoansAcquiredInTransferAccountedForAsAvailableForSaleDebtSecuritiesAbstract,stringItemType,true
CertainLoansAcquiredInTransferAccountedForAsAvailableForSaleDebtSecuritiesCarryingAmountNet,monetaryItemType,false
CertainLoansAcquiredInTransferAccountedForAsAvailableForSaleDebtSecuritiesOutstandingBalance,monetaryItemType,false
CertainLoansAcquiredInTransferAccountedForAsDebtSecuritiesCarryingAmountNet,monetaryItemType,false
CertainLoansAcquiredInTransferAccountedForAsHeldToMaturityDebtSecuritiesAbstract,stringItemType,true
CertainLoansAcquiredInTransferAccountedForAsHeldToMaturityDebtSecuritiesCarryingAmountNet,monetaryItemType,false
CertainLoansAcquiredInTransferAccountedForAsHeldToMaturityDebtSecuritiesOutstandingBalance,monetaryItemType,false
CertainLoansAcquiredInTransferAccountedForAsDebtSecuritiesNotAccountedForUsingIncomeRecognitionModelAbstract,stringItemType,true
CertainLoansAcquiredInTransferAccountedForAsDebtSecuritiesOtherThanTemporaryImpairmentAbstract,stringItemType,true
CertainLoansAcquiredInTransferAccountedForAsDebtSecuritiesOutstandingBalance,monetaryItemType,false
CertainLoansAcquiredInTransferAccountedForAsHeldToMaturityDebtSecuritiesAcquiredDuringPeriodAbstract,stringItemType,true
CertainLoansAcquiredInTransferAccountedForAsHeldToMaturityDebtSecuritiesAcquiredDuringPeriodAtAcquisitionAtFairValue,monetaryItemType,false
CertainLoansAcquiredInTransferAccountedForAsHeldToMaturityDebtSecuritiesAcquiredDuringPeriodCashFlowsExpectedToBeCollectedAtAcquisition,monetaryItemType,false
CertainLoansAcquiredInTransferAccountedForAsHeldToMaturityDebtSecuritiesAcquiredDuringPeriodContractuallyRequiredPaymentsReceivableAtAcquisition,monetaryItemType,false
CertainLoansAcquiredInTransferAccountedForAsHeldToMaturityDebtSecuritiesAcquiredDuringPeriodNotAccountedForUsingIncomeRecognitionModelAtAcquisitionAtCarryingValue,monetaryItemType,false
CertainLoansAcquiredInTransferNotAccountedForAsDebtSecuritiesAbstract,stringItemType,true
CertainLoansAcquiredInTransferNotAccountedForAsDebtSecuritiesAccretableYield,monetaryItemType,false
CertainLoansAcquiredInTransferNotAccountedForAsDebtSecuritiesAccretableYieldAccretion,monetaryItemType,false
CertainLoansAcquiredInTransferNotAccountedForAsDebtSecuritiesAccretableYieldAdditions,monetaryItemType,false
CertainLoansAcquiredInTransferNotAccountedForAsDebtSecuritiesAccretableYieldDisposalsOfLoans,monetaryItemType,false
CertainLoansAcquiredInTransferNotAccountedForAsDebtSecuritiesAccretableYieldMovementScheduleRollForward,stringItemType,true
CertainLoansAcquiredInTransferNotAccountedForAsDebtSecuritiesAccretableYieldReclassificationsFromNonaccretableDifference,monetaryItemType,false
CertainLoansAcquiredInTransferNotAccountedForAsDebtSecuritiesAccretableYieldReclassificationsToNonaccretableDifference,monetaryItemType,false
CertainLoansAcquiredInTransferNotAccountedForAsDebtSecuritiesAccretableYieldTransfersToLoansHeldForSale,monetaryItemType,false
CertainLoansAcquiredInTransferNotAccountedForAsDebtSecuritiesAcquiredDuringPeriodAbstract,stringItemType,true
CertainLoansAcquiredInTransferNotAccountedForAsDebtSecuritiesAcquiredDuringPeriodAtAcquisitionAtFairValue,monetaryItemType,false
CertainLoansAcquiredInTransferNotAccountedForAsDebtSecuritiesAcquiredDuringPeriodCashFlowsExpectedToBeCollectedAtAcquisition,monetaryItemType,false
CertainLoansAcquiredInTransferNotAccountedForAsDebtSecuritiesAcquiredDuringPeriodCommercialContractuallyRequiredPaymentsReceivableAtAcquisition,monetaryItemType,false
CertainLoansAcquiredInTransferNotAccountedForAsDebtSecuritiesAcquiredDuringPeriodConsumerContractuallyRequiredPaymentsReceivableAtAcquisition,monetaryItemType,false
CertainLoansAcquiredInTransferNotAccountedForAsDebtSecuritiesAcquiredDuringPeriodContractuallyRequiredPaymentsReceivableAtAcquisition,monetaryItemType,false
CertainLoansAcquiredInTransferNotAccountedForAsDebtSecuritiesAcquiredDuringPeriodNotAccountedForUsingIncomeRecognitionModelAtAcquisition,monetaryItemType,false
CertainLoansAcquiredInTransferNotAccountedForAsDebtSecuritiesAllowanceForLoanLosses,monetaryItemType,false
CertainLoansAcquiredInTransferNotAccountedForAsDebtSecuritiesCarryingAmountNet,monetaryItemType,false
CertainLoansAcquiredInTransferNotAccountedForAsDebtSecuritiesCommercialOutstandingBalance,monetaryItemType,false
CertainLoansAcquiredInTransferNotAccountedForAsDebtSecuritiesConsumerOutstandingBalance,monetaryItemType,false
CertainLoansAcquiredInTransferNotAccountedForAsDebtSecuritiesNotAccountedForUsingIncomeRecognitionModelAbstract,stringItemType,true
CertainLoansAcquiredInTransferNotAccountedForAsDebtSecuritiesOutstandingBalance,monetaryItemType,false
CertainLoansAndDebtSecuritiesAcquiredInTransferAllowanceForCreditLossesDueToSubsequentImpairment,monetaryItemType,false
CertainLoansAndDebtSecuritiesAcquiredInTransferNoAllowanceRecordedAndNoSubsequentImpairment,monetaryItemType,false
CertainLoansAndDebtSecuritiesAcquiredInTransferDescriptionOfHowPrepaymentsAreConsideredInDeterminationOfContractualCashFlowsAndCashFlowsExpectedToBeCollected,stringItemType,false
CertainLoansAndDebtSecuritiesAcquiredInTransferWithRelatedAllowanceForCreditLossesDueToSubsequentImpairment,monetaryItemType,false
CertainLoansAndDebtSecuritiesAcquiredInTransferSubsequentImpairmentAbstract,stringItemType,true
CertainLoansAndDebtSecuritiesAcquiredInTransferRecognizingInterestIncomeOnImpairedLoansPolicy,textBlockItemType,false
IncreaseDecreaseInLoansDeferredIncome,monetaryItemType,false
IncreaseDecreaseInOtherLoans,monetaryItemType,false
ProceedsFromRepaymentsOfShortTermDebt,monetaryItemType,false
ProceedsFromRepaymentsOfShortTermDebtAbstract,stringItemType,true
IncreaseDecreaseInCashCollateralForLoanedSecurities,monetaryItemType,false
CommercialLoanMember,domainItemType,true
ConcentrationRiskCreditRiskLoanProducts,stringItemType,false
ConstructionLoansMember,domainItemType,true
ConsumerLoanMember,domainItemType,true
ContractualInterestExpenseOnPrepetitionLiabilitiesNotRecognizedInStatementOfOperations,monetaryItemType,false
ConventionalLoanMember,domainItemType,true
ConvertibleDebtCurrent,monetaryItemType,false
ConvertibleDebtMember,domainItemType,true
ConvertibleSubordinatedDebtCurrent,monetaryItemType,false
ConvertibleSubordinatedDebt,monetaryItemType,false
ConvertibleSubordinatedDebtMember,domainItemType,true
ConvertibleSubordinatedDebtNoncurrent,monetaryItemType,false
FinancialInstrumentsSoldNotYetPurchasedCorporateDebt,monetaryItemType,false
CorporateDebtSecuritiesMember,domainItemType,true
AssetBackedSecuritiesSecuritizedLoansAndReceivablesMember,domainItemType,true
LongTermDebtCurrentAbstract,stringItemType,true
LongTermDebtAndCapitalLeaseObligationsCurrent,monetaryItemType,false
LongTermDebtAndCapitalLeaseObligationsCurrentAbstract,stringItemType,true
OtherLongTermDebtCurrent,monetaryItemType,false
DebtAndCapitalLeaseObligations,monetaryItemType,false
DebtAndCapitalLeaseObligationsAbstract,stringItemType,true
DebtCurrent,monetaryItemType,false
DebtCurrentAbstract,stringItemType,true
LongTermDebtAndCapitalLeaseObligations,monetaryItemType,false
LongTermDebtAndCapitalLeaseObligationsAbstract,stringItemType,true
DebtConversionConvertedInstrumentExpirationOrDueDateDayMonthAndYear,dateItemType,false
DebtConversionConvertedInstrumentExpirationOrDueDateMonthAndYear,gYearMonthItemType,false
DebtConversionConvertedInstrumentIssuanceDateDayMonthAndYear,dateItemType,false
DebtConversionConvertedInstrumentIssuanceDateMonthAndYear,gYearMonthItemType,false
DebtConversionConvertedInstrumentRate,percentItemType,false
DebtConversionConvertedInstrumentType,stringItemType,false
DebtConversionOriginalDebtDueDateOfDebtDayMonthAndYear,dateItemType,false
DebtConversionOriginalDebtDueDateOfDebtMonthAndYear,gYearMonthItemType,false
DebtConversionOriginalDebtInterestRateOfDebt,percentItemType,false
DebtConversionOriginalDebtIssuanceDateOfDebtDayMonthAndYear,dateItemType,false
DebtConversionOriginalDebtIssuanceDateOfDebtMonthAndYear,gYearMonthItemType,false
DebtConversionOriginalDebtTypeOfDebt,stringItemType,false
DebtConversionByUniqueDescriptionAxis,stringItemType,true
DebtConversionLineItems,stringItemType,true
DebtConversionTable,stringItemType,true
DebtConversionNameDomain,domainItemType,true
DebtDisclosureTextBlock,textBlockItemType,false
DebtInstrumentAnnualPrincipalPayment,monetaryItemType,false
DebtInstrumentCallDateEarliest,dateItemType,false
DebtInstrumentCallDateLatest,dateItemType,false
DebtInstrumentCallFeature,stringItemType,false
DebtInstrumentCarryingAmount,monetaryItemType,false
DebtInstrumentCollateral,stringItemType,false
DebtInstrumentConvertibleBeneficialConversionFeature,monetaryItemType,false
DebtInstrumentConvertibleNumberOfEquityInstruments,integerItemType,false
DebtInstrumentConvertibleTermsOfConversionFeature,stringItemType,false
DebtInstrumentConvertibleTypeOfEquitySecurity,stringItemType,false
DebtInstrumentCovenantCompliance,stringItemType,false
DebtInstrumentCovenantDescription,stringItemType,false
DebtInstrumentCreditRating,stringItemType,false
DebtInstrumentCurrency,stringItemType,false
DebtInstrumentDecreaseForgiveness,monetaryItemType,false
DebtInstrumentDescription,stringItemType,false
DebtInstrumentFaceAmount,monetaryItemType,false
DebtInstrumentFairValue,monetaryItemType,false
DebtInstrumentFee,stringItemType,false
DebtInstrumentFeeAmount,monetaryItemType,false
DebtInstrumentFrequencyOfFee,stringItemType,false
DebtInstrumentFrequencyOfPeriodicPayment,stringItemType,false
DebtInstrumentIncreaseAccruedInterest,monetaryItemType,false
DebtInstrumentIncreaseDecreaseForPeriodDescription,stringItemType,false
DebtInstrumentIncreaseDecreaseForPeriodNet,monetaryItemType,false
DebtInstrumentIncreaseDecreaseOtherNet,monetaryItemType,false
DebtInstrumentInterestRateBasisForEffectiveRate,stringItemType,false
DebtInstrumentInterestRateDuringPeriod,percentItemType,false
DebtInstrumentInterestRateEffectivePercentage,percentItemType,false
DebtInstrumentInterestRateStatedPercentage,percentItemType,false
DebtInstrumentInterestRateTerms,stringItemType,false
DebtInstrumentIssuer,stringItemType,false
DebtInstrumentMaturityDate,dateItemType,false
DebtInstrumentMaturityDateDescription,stringItemType,false
DebtInstrumentNameDomain,domainItemType,true
DebtInstrumentPaymentTerms,stringItemType,false
DebtInstrumentPeriodicPayment,monetaryItemType,false
DebtInstrumentPeriodicPaymentInterest,monetaryItemType,false
DebtInstrumentPeriodicPaymentPrincipal,monetaryItemType,false
DebtInstrumentPriority,stringItemType,false
DebtInstrumentRestrictiveCovenants,stringItemType,false
DebtInstrumentSinkingFundDescription,stringItemType,false
DebtInstrumentUnamortizedDiscount,monetaryItemType,false
DebtInstrumentUnamortizedPremium,monetaryItemType,false
DebtInstrumentUnusedBorrowingCapacityAmount,monetaryItemType,false
DebtInstrumentUnusedBorrowingCapacityDescription,stringItemType,false
DebtInstrumentUnusedBorrowingCapacityFee,monetaryItemType,false
DebtInstrumentsAbstract,stringItemType,true
DebtInstrumentAxis,stringItemType,true
DebtInstrumentLineItems,stringItemType,true
DebtInstrumentTable,stringItemType,true
PaymentsOfDebtIssuanceCosts,monetaryItemType,false
DebtMember,domainItemType,true
DebtRelatedCommitmentFeesAndDebtIssuanceCosts,monetaryItemType,false
PaymentsOfDebtRestructuringCosts,monetaryItemType,false
DebtSecuritiesMember,domainItemType,true
DebtorInPossessionFinancingAbstract,stringItemType,true
DebtorInPossessionFinancingBorrowingsOutstanding,monetaryItemType,false
DebtorInPossessionFinancingFeeOnUnusedBorrowings,percentItemType,false
DebtorInPossessionFinancingInterestRateOnBorrowingsOutstanding,percentItemType,false
DebtorInPossessionFinancingLettersOfCreditOutstanding,monetaryItemType,false
DebtorReorganizationItemsDebtorInPossessionFacilityFinancingCosts,monetaryItemType,false
DebtorReorganizationItemsDischargeOfClaimsAndLiabilities,monetaryItemType,false
DebtorReorganizationItemsEmployeeRelatedCharges,monetaryItemType,false
DebtorReorganizationItemsImpairmentLoss,monetaryItemType,false
DebtorReorganizationItemsLegalAndAdvisoryProfessionalFees,monetaryItemType,false
DebtorReorganizationItemsOtherExpenseIncome,monetaryItemType,false
DebtorReorganizationItemsPensionAndOtherPostretirementRelatedCharges,monetaryItemType,false
DebtorReorganizationItemsProvisionForExpectedAllowedClaims,monetaryItemType,false
DebtorReorganizationItemsRetireeRelatedCharges,monetaryItemType,false
DebtorReorganizationItemsRevaluationOfAssetsAndLiabilities,monetaryItemType,false
DebtorReorganizationItemsWriteOffOfDeferredFinancingCostsAndDebtDiscounts,monetaryItemType,false
DeferredTaxAssetsTaxDeferredExpenseReservesAndAccrualsProvisionForLoanLosses,monetaryItemType,false
DelinquentAmountAtEndOfPeriodOnLoansManagedAndSecuritized,monetaryItemType,false
DepositsReceivedForSecuritiesLoanedAtCarryingValue,monetaryItemType,false
DerivativeAverageCapInterestRate,percentItemType,false
DerivativeAverageFixedInterestRate,percentItemType,false
DerivativeAverageFloorInterestRate,percentItemType,false
DerivativeAverageForwardInterestRate,percentItemType,false
DerivativeAverageSwaptionInterestRate,percentItemType,false
DerivativeAverageVariableInterestRate,percentItemType,false
DerivativeCapInterestRate,percentItemType,false
DerivativeFixedInterestRate,percentItemType,false
DerivativeFloorInterestRate,percentItemType,false
DerivativeForwardInterestRate,percentItemType,false
DerivativeSwaptionInterestRate,percentItemType,false
DerivativeVariableInterestRate,percentItemType,false
InterestExpenseOnPrepetitionLiabilitiesPolicy,textBlockItemType,false
DescriptionOfInterestRateCashFlowHedgeActivities,stringItemType,false
DescriptionOfInterestRateDerivativeActivities,stringItemType,false
DescriptionOfInterestRateDerivativeInstrumentsNotDesignatedAsHedgingInstrumentsActivities,stringItemType,false
DescriptionOfInterestRateFairValueHedgeActivities,stringItemType,false
DescriptionOfInterestRateRiskExposure,stringItemType,false
DescriptionOfLocationOfGainLossOnInterestRateDerivativeInstrumentsNotDesignatedAsHedgingInstrumentsInFinancialStatements,stringItemType,false
DescriptionOfLocationOfInterestRateCashFlowHedgeDerivativeOnBalanceSheet,stringItemType,false
DescriptionOfLocationOfInterestRateDerivativeInstrumentsNotDesignatedAsHedgingInstrumentsOnBalanceSheet,stringItemType,false
DescriptionOfLocationOfInterestRateDerivativesOnBalanceSheet,stringItemType,false
DescriptionOfLocationOfInterestRateFairValueHedgeDerivativeOnBalanceSheet,stringItemType,false
DescriptionOfReclassificationOfInterestRateCashFlowHedgeGainLoss,stringItemType,false
DeterioratedLoansTransferredInAbstract,stringItemType,true
DeterioratedLoansTransferredInPolicy,textBlockItemType,false
DeterioratedLoansTransferredInDebtSecuritiesAccreditableYieldPeriodIncreaseDecrease,monetaryItemType,false
InterestIncomeAndInterestExpenseDisclosureTextBlock,textBlockItemType,false
RepurchaseAgreementsResaleAgreementsSecuritiesBorrowedAndSecuritiesLoanedDisclosureTextBlock,textBlockItemType,false
DisclosureOfRestrictionsOnDividendsLoansAndAdvancesDisclosureAbstract,stringItemType,true
DisposalGroupIncludingDiscontinuedOperationInterestExpense,monetaryItemType,false
DiscussionOfInterestRateDerivativeRiskManagementPolicy,stringItemType,false
DiscussionOfMethodOfMeasuringFairValueOfInterestRateDerivatives,stringItemType,false
DiscussionOfObjectivesForUsingInterestRateDerivativeInstruments,stringItemType,false
InterestExpenseTrustPreferredSecurities,monetaryItemType,false
EarlyRepaymentOfSeniorDebt,monetaryItemType,false
EarlyRepaymentOfSubordinatedDebt,monetaryItemType,false
ExtinguishmentOfDebtAmount,monetaryItemType,false
ExtinguishmentOfDebtGainLossIncomeTax,monetaryItemType,false
ExtinguishmentOfDebtGainLossNetOfTax,monetaryItemType,false
ExtinguishmentOfDebtGainLossPerShareNetOfTax,perShareItemType,false
ExtinguishmentOfDebtTypeDomain,domainItemType,true
ExtinguishmentOfDebtAxis,stringItemType,true
ExtinguishmentOfDebtLineItems,stringItemType,true
ScheduleOfExtinguishmentOfDebtTable,stringItemType,true
ExtinguishmentOfDebtDisclosuresAbstract,stringItemType,true
DischargeOfDebtMember,domainItemType,true
ExtinguishmentOfDebtNatureOfRestrictionsOnAssetsSetAsideForScheduledPayments,stringItemType,false
FederalHousingAdministrationLoanMember,domainItemType,true
FederalHomeLoanBankAdvancesActivityForYearAbstract,stringItemType,true
FederalHomeLoanBankAdvancesActivityForYearAverageBalanceOfAgreementsOutstanding,monetaryItemType,false
FederalHomeLoanBankAdvancesActivityForYearAverageInterestRateForYear,percentItemType,false
FederalHomeLoanBankAdvancesActivityForYearAverageInterestRateAtPeriodEnd,percentItemType,false
FederalHomeLoanBankAdvancesActivityForYearMaximumOutstandingAtAnyMonthEnd,monetaryItemType,false
FederalHomeLoanBankAdvancesDisclosureTextBlock,textBlockItemType,false
FederalHomeLoanBankAdvancesGeneralDebtObligationsDisclosuresAbstract,stringItemType,true
FederalHomeLoanBankAdvancesGeneralDebtObligationsDisclosuresAmountOfAvailableUnusedFunds,monetaryItemType,false
FederalHomeLoanBankAdvancesGeneralDebtObligationsDisclosuresConversionFeatures,stringItemType,false
FederalHomeLoanBankAdvancesGeneralDebtObligationsDisclosuresDescriptionOfCollateralPledged,stringItemType,false
FederalHomeLoanBankAdvancesGeneralDebtObligationsDisclosuresGeneralDescriptionOfTerms,stringItemType,false
FederalHomeLoanBankAdvancesGeneralDebtObligationsDisclosuresInterestRateAtPeriodEnd,percentItemType,false
FederalHomeLoanBankAdvancesGeneralDebtObligationsDisclosuresMaximumAmountAvailable,monetaryItemType,false
FederalHomeLoanBankAdvancesLongTerm,monetaryItemType,false
FederalHomeLoanBankAdvancesMaturitiesSummaryAbstract,stringItemType,true
FederalHomeLoanBankAdvancesMaturitiesSummaryAverageInterestRateAfterFiveYearsFromBalanceSheetDate,percentItemType,false
FederalHomeLoanBankAdvancesMaturitiesSummaryAverageInterestRateFourToFiveYearsFromBalanceSheetDate,percentItemType,false
FederalHomeLoanBankAdvancesMaturitiesSummaryAverageInterestRateOneToTwoYearsFromBalanceSheetDate,percentItemType,false
FederalHomeLoanBankAdvancesMaturitiesSummaryAverageInterestRateThreeToFourYearsFromBalanceSheetDate,percentItemType,false
FederalHomeLoanBankAdvancesMaturitiesSummaryAverageInterestRateTwoToThreeYearsFromBalanceSheetDate,percentItemType,false
FederalHomeLoanBankAdvancesMaturitiesSummaryAverageInterestRateOfAmountsDueWithinOneYearOfBalanceSheetDate,percentItemType,false
FederalHomeLoanBankAdvancesMaturitiesSummaryByInterestRateTypeByMaturityAbstract,stringItemType,true
FederalHomeLoanBankAdvancesMaturitiesSummaryByInterestRateTypeAfterFiveYearsAbstract,stringItemType,true
FederalHomeLoanBankAdvancesMaturitiesSummaryByInterestRateTypeFixedRate,monetaryItemType,false
FederalHomeLoanBankAdvancesMaturitiesSummaryByInterestRateTypeFixedRateAfterFiveYears,monetaryItemType,false
FederalHomeLoanBankAdvancesMaturitiesSummaryByInterestRateTypeFixedRateOneToFiveYears,monetaryItemType,false
FederalHomeLoanBankAdvancesMaturitiesSummaryByInterestRateTypeFixedRateUnderOneYear,monetaryItemType,false
FederalHomeLoanBankAdvancesMaturitiesSummaryByInterestRateTypeFloatingRate,monetaryItemType,false
FederalHomeLoanBankAdvancesMaturitiesSummaryByInterestRateTypeFloatingRateAfterFiveYears,monetaryItemType,false
FederalHomeLoanBankAdvancesMaturitiesSummaryByInterestRateTypeFloatingRateOneToFiveYears,monetaryItemType,false
FederalHomeLoanBankAdvancesMaturitiesSummaryByInterestRateTypeFloatingRateUnderOneYear,monetaryItemType,false
FederalHomeLoanBankAdvancesMaturitiesSummaryByInterestRateTypeOneToFiveYears,monetaryItemType,false
FederalHomeLoanBankAdvancesMaturitiesSummaryByInterestRateTypeOneToFiveYearsAbstract,stringItemType,true
FederalHomeLoanBankAdvancesMaturitiesSummaryDueAfterFiveYearsOfBalanceSheetDate,monetaryItemType,false
FederalHomeLoanBankAdvancesMaturitiesSummaryDueFromFourToFiveYearsOfBalanceSheetDate,monetaryItemType,false
FederalHomeLoanBankAdvancesMaturitiesSummaryDueFromOneToTwoYearsOfBalanceSheetDate,monetaryItemType,false
FederalHomeLoanBankAdvancesMaturitiesSummaryDueFromThreeToFourYearsOfBalanceSheetDate,monetaryItemType,false
FederalHomeLoanBankAdvancesMaturitiesSummaryDueFromTwoToThreeYearsOfBalanceSheetDate,monetaryItemType,false
FederalHomeLoanBankAdvancesMaturitiesSummaryDueWithinOneYearOfBalanceSheetDate,monetaryItemType,false
FederalHomeLoanBankAdvancesMember,domainItemType,true
ScheduleOfFederalHomeLoanBankAdvancesByBranchOfFHLBBankTextBlock,textBlockItemType,false
FederalHomeLoanBankAdvancesBranchOfFHLBBankAmountOfAdvancesByBranch,monetaryItemType,false
FederalHomeLoanBankAdvancesBranchOfFHLBBankInterestRate,percentItemType,false
FederalHomeLoanBankAdvancesBranchOfFHLBBankLineItems,stringItemType,true
ScheduleOfFederalHomeLoanBankAdvancesByBranchOfFHLBBankTable,stringItemType,true
FederalHomeLoanBankStock,monetaryItemType,false
FinancingInterestExpense,monetaryItemType,false
ForeignGovernmentDebtSecuritiesMember,domainItemType,true
GainLossFromHedgedFirmCommitmentNotQualifyingAsInterestRateFairValueHedgeNet,monetaryItemType,false
GainLossOnComponentsExcludedFromAssessmentOfInterestRateCashFlowHedgeEffectiveness,monetaryItemType,false
GainLossOnComponentsExcludedFromAssessmentOfInterestRateFairValueHedgeEffectiveness,monetaryItemType,false
GainLossOnDiscontinuationOfInterestRateCashFlowHedgeDueToForecastedTransactionProbableOfNotOccurringNet,monetaryItemType,false
GainLossOnInterestRateCashFlowHedgeIneffectiveness,monetaryItemType,false
GainLossOnInterestRateDerivativeInstrumentsNotDesignatedAsHedgingInstruments,monetaryItemType,false
GainLossOnInterestRateFairValueHedgeIneffectiveness,monetaryItemType,false
GainsLossesOnExtinguishmentOfDebt,monetaryItemType,false
GainsLossesOnExtinguishmentOfDebtAbstract,stringItemType,true
GainsLossesOnRecourseDebt,monetaryItemType,false
GuaranteeOfIndebtednessOfOthersMember,domainItemType,true
IncomeTaxExaminationInterestExpense,monetaryItemType,false
IncomeTaxExaminationPenaltiesAndInterestExpense,monetaryItemType,false
IncomeTaxExaminationPenaltiesAndInterestExpenseAbstract,stringItemType,true
UnrecognizedTaxBenefitsIncomeTaxPenaltiesAndInterestExpense,monetaryItemType,false
UnrecognizedTaxBenefitsIncomeTaxPenaltiesAndInterestExpenseAbstract,stringItemType,true
PaymentsForProceedsFromFederalHomeLoanBankStock,monetaryItemType,false
PaymentsForProceedsFromFederalHomeLoanBankStockAbstract,stringItemType,true
ProceedsFromPaymentsForLongTermLoansForRelatedParties,monetaryItemType,false
IncrementalCommonSharesAttributableToConversionOfDebtSecurities,sharesItemType,false
IndirectGuaranteeOfIndebtednessMember,domainItemType,true
IneffectivenessOnInterestRateFairValueHedgesIsImmaterial,stringItemType,false
InformationAboutSourcesAndUsesOfCollateralThatIsReceivedThroughResaleAgreementsAndSecuritiesBorrowingAgreementsAndSubsequentlyRepledgedOrSold,stringItemType,false
IntercompanyLoansDescription,stringItemType,false
InterestExpense,monetaryItemType,false
InterestExpenseAbstract,stringItemType,true
InterestExpenseBorrowings,monetaryItemType,false
InterestExpenseTimeDeposits100000OrMore,monetaryItemType,false
InterestExpenseTimeDepositsLessThan100000,monetaryItemType,false
InterestExpenseTimeDeposits,monetaryItemType,false
InterestExpenseTimeDepositsAbstract,stringItemType,true
InterestExpenseCommercialPaper,monetaryItemType,false
InterestExpenseCustomerDeposits,monetaryItemType,false
InterestExpenseDebt,monetaryItemType,false
InterestExpenseDeposits,monetaryItemType,false
InterestExpenseDepositsAbstract,stringItemType,true
InterestExpenseDemandDepositAccounts,monetaryItemType,false
InterestExpenseMoneyMarketDeposits,monetaryItemType,false
InterestExpenseNegotiableOrderOfWithdrawalNOWDeposits,monetaryItemType,false
InterestExpenseSavingsDeposits,monetaryItemType,false
InterestExpenseDomesticDepositLiabilities,monetaryItemType,false
InterestExpenseDomesticDepositLiabilitiesBrokered,monetaryItemType,false
InterestExpenseDomesticDepositLiabilitiesCertificatesOfDeposit,monetaryItemType,false
InterestExpenseDomesticDepositLiabilitiesChecking,monetaryItemType,false
InterestExpenseDomesticDepositLiabilitiesDemand,monetaryItemType,false
InterestExpenseDomesticDepositLiabilitiesMoneyMarket,monetaryItemType,false
InterestExpenseDomesticDepositLiabilitiesNoticeOfWithdrawal,monetaryItemType,false
InterestExpenseDomesticDepositLiabilitiesOtherTimeDeposit,monetaryItemType,false
InterestExpenseDomesticDepositLiabilitiesRetail,monetaryItemType,false
InterestExpenseDomesticDepositLiabilitiesSavings,monetaryItemType,false
InterestExpenseDomesticDepositLiabilitiesTimeDeposit,monetaryItemType,false
InterestExpenseDomesticDeposits,monetaryItemType,false
InterestExpenseDomesticDepositsAbstract,stringItemType,true
InterestExpenseFederalFundsPurchasedAndSecuritiesSoldUnderAgreementsToRepurchase,monetaryItemType,false
InterestExpenseFederalFundsPurchasedAndSecuritiesSoldUnderAgreementsToRepurchaseAbstract,stringItemType,true
InterestExpenseFederalFundsPurchased,monetaryItemType,false
InterestExpenseSecuritiesSoldUnderAgreementsToRepurchase,monetaryItemType,false
InterestExpenseFederalHomeLoanBankAndFederalReserveBankAdvancesLongTerm,monetaryItemType,false
InterestExpenseFederalHomeLoanBankAndFederalReserveBankAdvancesShortTerm,monetaryItemType,false
InterestExpenseForeignDeposits,monetaryItemType,false
InterestExpenseLesseeAssetsUnderCapitalLease,monetaryItemType,false
InterestExpenseLongTermDebt,monetaryItemType,false
InterestExpenseNOWAccountsMoneyMarketAccountsAndSavingsDeposits,monetaryItemType,false
InterestExpenseNOWAccountsMoneyMarketAccountsAndSavingsDepositsAbstract,stringItemType,true
InterestExpenseDomesticDepositLiabilitiesAbstract,stringItemType,true
InterestExpenseOnDomesticDepositLiabilitiesDescription,stringItemType,false
InterestExpenseOnForeignDepositLiabilitiesDescription,stringItemType,false
InterestExpenseOnPrepetitionLiabilitiesRecognizedInStatementOfOperations,monetaryItemType,false
InterestExpenseOtherDomesticDeposits,monetaryItemType,false
InterestExpenseOtherLongTermDebt,monetaryItemType,false
InterestExpenseOtherShortTermBorrowings,monetaryItemType,false
InterestExpenseOther,monetaryItemType,false
InterestExpenseShortTermBorrowings,monetaryItemType,false
InterestExpenseShortTermBorrowingsAbstract,stringItemType,true
InterestExpenseShortTermBorrowingsExcludingFederalFundsAndSecuritiesSoldUnderAgreementsToRepurchase,monetaryItemType,false
InterestExpenseShortTermBorrowingsExcludingFederalFundsAndSecuritiesSoldUnderAgreementsToRepurchaseAbstract,stringItemType,true
InterestExpenseSubordinatedNotesAndDebentures,monetaryItemType,false
InterestExpenseTradingLiabilities,monetaryItemType,false
InterestIncomeExpenseAfterProvisionForLoanLoss,monetaryItemType,false
InterestIncomeExpenseAfterProvisionForLoanLossAbstract,stringItemType,true
InterestAndFeeIncomeLoansCommercialIndustrialAndAgriculturalLoans,monetaryItemType,false
InterestAndFeeIncomeLoansCommercial,monetaryItemType,false
InterestAndFeeIncomeLoansCommercialAbstract,stringItemType,true
InterestAndFeeIncomeLoansCommercialRealEstate,monetaryItemType,false
InterestAndFeeIncomeLoansCommercialAndResidentialRealEstate,monetaryItemType,false
InterestAndFeeIncomeLoansConsumerInstallmentAutomobilesMarineAndOtherVehicles,monetaryItemType,false
InterestAndFeeIncomeLoansConsumerInstallmentCreditCard,monetaryItemType,false
InterestAndFeeIncomeLoansConsumer,monetaryItemType,false
InterestAndFeeIncomeLoansConsumerAbstract,stringItemType,true
InterestAndFeeIncomeLoansForeign,monetaryItemType,false
InterestAndFeeIncomeLoansConsumerHomeEquity,monetaryItemType,false
InterestAndFeeIncomeLoansLeaseFinancing,monetaryItemType,false
InterestAndFeeIncomeLoansAndLeasesHeldInPortfolio,monetaryItemType,false
InterestAndFeeIncomeLoansAndLeasesHeldInPortfolioAbstract,stringItemType,true
InterestAndFeeIncomeLoansOtherConsumer,monetaryItemType,false
InterestAndFeeIncomeOtherLoans,monetaryItemType,false
InterestAndFeeIncomeLoansRealEstateConstruction,monetaryItemType,false
InterestAndFeeIncomeLoansConsumerRealEstate,monetaryItemType,false
InterestAndFeeIncomeLoansTradeFinancing,monetaryItemType,false
InterestAndFeeIncomeLoansAndLeasesHeldForSale,monetaryItemType,false
InterestAndFeeIncomeLoansAndLeasesHeldForSaleAbstract,stringItemType,true
InterestAndFeeIncomeLoansHeldForSaleMortgages,monetaryItemType,false
InterestAndFeeIncomeOtherLoansHeldForSale,monetaryItemType,false
InterestRateCapMember,domainItemType,true
InterestRateCashFlowHedgeAssetAtFairValue,monetaryItemType,false
InterestRateCashFlowHedgeDerivativeAtFairValueNet,monetaryItemType,false
InterestRateCashFlowHedgeIneffectivenessIsImmaterial,stringItemType,false
InterestRateCashFlowHedgeLiabilityAtFairValue,monetaryItemType,false
InterestRateCashFlowHedgesAbstract,stringItemType,true
InterestRateDerivativeAssetsAtFairValue,monetaryItemType,false
InterestRateDerivativeInstrumentsNotDesignatedAsHedgingInstrumentsAbstract,stringItemType,true
InterestRateDerivativeInstrumentsNotDesignatedAsHedgingInstrumentsAssetAtFairValue,monetaryItemType,false
InterestRateDerivativeInstrumentsNotDesignatedAsHedgingInstrumentsAtFairValueNet,monetaryItemType,false
InterestRateDerivativeInstrumentsNotDesignatedAsHedgingInstrumentsLiabilityAtFairValue,monetaryItemType,false
InterestRateDerivativeLiabilitiesAtFairValue,monetaryItemType,false
InterestRateDerivativesAbstract,stringItemType,true
InterestRateDerivativesAtFairValueNet,monetaryItemType,false
InterestRateFairValueHedgeAssetAtFairValue,monetaryItemType,false
InterestRateFairValueHedgeDerivativeAtFairValueNet,monetaryItemType,false
InterestRateFairValueHedgeLiabilityAtFairValue,monetaryItemType,false
InterestRateFairValueHedgesAbstract,stringItemType,true
InterestRateFloorMember,domainItemType,true
InterestRateLockCommitmentsMember,domainItemType,true
InterestRateRiskMember,domainItemType,true
InterestRateSwapMember,domainItemType,true
InventoryRealEstateMortgageLoansHeldInInventory,monetaryItemType,false
InvestmentsInDebtAndMarketableEquitySecuritiesAndCertainTradingAssetsDisclosureTextBlock,textBlockItemType,false
ProceedsFromIssuanceOfSeniorLongTermDebt,monetaryItemType,false
ProceedsFromIssuanceOfSubordinatedLongTermDebt,monetaryItemType,false
JuniorSubordinatedDebtMember,domainItemType,true
LeveragedLeasesNetInvestmentInLeveragedLeasesDisclosureNonrecourseDebtService,monetaryItemType,false
LiabilitiesSubjectToCompromiseDebtAndAccruedInterest,monetaryItemType,false
LiabilityForFuturePolicyBenefitByProductSegmentInterestRateYearOfIssue,percentItemType,false
LiabilityForFuturePolicyBenefitsInterestRateAssumption,stringItemType,false
LineOfCreditFacilityAffiliatedBorrower,stringItemType,false
LineOfCreditFacilityAnnualPrincipalPayment,monetaryItemType,false
LineOfCreditFacilityAssetRestrictions,stringItemType,false
LineOfCreditFacilityBorrowingCapacityDescription,stringItemType,false
LineOfCreditFacilityCollateral,stringItemType,false
LineOfCreditFacilityCollateralFees,stringItemType,false
LineOfCreditFacilityCommitmentFeeAmount,monetaryItemType,false
LineOfCreditFacilityCommitmentFeeDescription,stringItemType,false
LineOfCreditFacilityCovenantCompliance,stringItemType,false
LineOfCreditFacilityCovenantTerms,stringItemType,false
LineOfCreditFacilityCurrency,stringItemType,false
LineOfCreditFacilityCurrentBorrowingCapacity,monetaryItemType,false
LineOfCreditFacilityDescription,stringItemType,false
LineOfCreditFacilityDividendRestrictions,stringItemType,false
LineOfCreditFacilityFairValueOfAmountOutstanding,monetaryItemType,false
LineOfCreditFacilityFairValueBasisForMeasurement,stringItemType,false
LineOfCreditFacilityFrequencyOfCommitmentFeePayment,stringItemType,false
LineOfCreditFacilityFrequencyOfPaymentAndPaymentTerms,stringItemType,false
LineOfCreditFacilityFrequencyOfPayments,stringItemType,false
LineOfCreditFacilityIncreaseAccruedInterest,monetaryItemType,false
LineOfCreditFacilityIncreaseDecreaseForPeriodNet,monetaryItemType,false
LineOfCreditFacilityIncreaseDecreaseOtherNet,monetaryItemType,false
LineOfCreditFacilityInterestRateDescription,stringItemType,false
LineOfCreditFacilityInterestRateDuringPeriod,percentItemType,false
LineOfCreditFacilityInterestRateAtPeriodEnd,percentItemType,false
LineOfCreditFacilityLenderDomain,domainItemType,true
LineOfCreditFacilityMaximumBorrowingCapacity,monetaryItemType,false
LineOfCreditFacilityPeriodicPayment,monetaryItemType,false
LineOfCreditFacilityPeriodicPaymentInterest,monetaryItemType,false
LineOfCreditFacilityPeriodicPaymentPrincipal,monetaryItemType,false
LineOfCreditFacilityPriority,stringItemType,false
LineOfCreditFacilityRationaleForClassificationAsLongTermDebt,stringItemType,false
LineOfCreditFacilityRemainingBorrowingCapacity,monetaryItemType,false
LineOfCreditFacilityRevolvingCreditConversionToTermLoanDescription,stringItemType,false
LineOfCreditFacilityAbstract,stringItemType,true
LineOfCreditFacilityAxis,stringItemType,true
LineOfCreditFacilityLineItems,stringItemType,true
LineOfCreditFacilityTable,stringItemType,true
LongTermLineOfCredit,monetaryItemType,false
LineOfCreditMember,domainItemType,true
LineOfCredit,monetaryItemType,false
PaymentsOfLoanCosts,monetaryItemType,false
LoanAndLeaseReceivablesImpairedAbstract,stringItemType,true
LoanOriginationCommitmentsMember,domainItemType,true
LoanPortfolioExpense,monetaryItemType,false
LoanPurchaseCommitmentsMember,domainItemType,true
LoansReceivableHeldForSaleAmount,monetaryItemType,false
LoansReceivableHeldForSaleNetReconciliationToCashFlowRollForward,stringItemType,true
LoansReceivableHeldForSaleReconciliationToCashFlowAdditionsToHeldForSale,monetaryItemType,false
LoansReceivableHeldForSaleReconciliationToCashFlowPeriodIncreaseDecrease,monetaryItemType,false
LoansReceivableHeldForSaleReconciliationToCashFlowDeductionsFromHeldForSale,monetaryItemType,false
LoansAndFinanceReceivablesMember,domainItemType,true
ProceedsFromRepaymentOfLoansByEmployeeStockOwnershipPlans,monetaryItemType,false
InterestAndFeeIncomeLoansAndLeases,monetaryItemType,false
InterestAndFeeIncomeLoansAndLeasesAbstract,stringItemType,true
InterestAndFeeIncomeNonmortgageLoansAndLeasesHeldForSale,monetaryItemType,false
LoansAndLeasesReceivableAllowanceForLoanLossesPolicy,textBlockItemType,false
LoansAndLeasesReceivableCollateralForSecuredBorrowings,monetaryItemType,false
LoansAndLeasesReceivableCommitmentsFixedRates,monetaryItemType,false
LoansAndLeasesReceivableCommitmentsToPurchaseOrSell,monetaryItemType,false
LoansAndLeasesReceivableCommitmentsVariableRates,monetaryItemType,false
LoansAndLeasesReceivableFeesEarnedButExcludedFromYield,monetaryItemType,false
LoansAndLeasesReceivableGainLossOnSalesNet,monetaryItemType,false
LoansAndLeasesReceivableImpairedDescription,stringItemType,false
LoansAndLeasesReceivableImpairedCommitmentToLend,monetaryItemType,false
LoansAndLeasesReceivableImpairedInterestLostOnNonaccrualLoans,monetaryItemType,false
LoansAndLeasesReceivableImpairedNonperformingAccrualOfInterest,monetaryItemType,false
LoansAndLeasesReceivableImpairedNonperformingNonaccrualOfInterest,monetaryItemType,false
LoansAndLeasesReceivableImpairedTroubledDebtInterestIncome,monetaryItemType,false
LoansAndLeasesReceivableLeaseFinancingPolicy,textBlockItemType,false
LoansAndLeasesReceivableMortgageBankingActivitiesPolicy,textBlockItemType,false
LoansAndLeasesReceivableNonaccrualLoanAndLeaseStatusPolicy,textBlockItemType,false
LoansAndLeasesReceivableNonmortgageLoanValuationPolicy,textBlockItemType,false
LoansAndLeasesReceivableNonperformingLoanAndLeasePolicy,textBlockItemType,false
LoansAndLeasesReceivableDisclosureAbstract,stringItemType,true
LoansAndLeasesReceivableOriginationFeesDiscountsOrPremiumsAndDirectCostsToAcquireLoansPolicy,textBlockItemType,false
LoansAndLeasesReceivableOtherInformationAbstract,stringItemType,true
LoansAndLeasesReceivablePastDueStatusPolicy,textBlockItemType,false
LoansAndLeasesReceivableRatioOfNonperformingLoansToAllLoans,percentItemType,false
LoansAndLeasesReceivableRealEstateAcquiredThroughForeclosurePolicy,textBlockItemType,false
LoansAndLeasesReceivableRelatedPartiesDescription,stringItemType,false
LoansAndLeasesReceivableRelatedPartiesAdditions,monetaryItemType,false
LoansAndLeasesReceivableRelatedParties,monetaryItemType,false
LoansAndLeasesReceivableRelatedPartiesRollForward,stringItemType,true
LoansAndLeasesReceivableRelatedPartiesPeriodIncreaseDecrease,monetaryItemType,false
LoansAndLeasesReceivableRelatedPartiesDisclosureAbstract,stringItemType,true
LoansAndLeasesReceivableTroubledDebtRestructuringPolicy,textBlockItemType,false
LoansAndLeasesReceivableNetOfDeferredIncome,monetaryItemType,false
LoansAndLeasesReceivableNetOfDeferredIncomeAbstract,stringItemType,true
LoansAndLeasesReceivableGrossCarryingAmount,monetaryItemType,false
LoansInsurancePolicy,monetaryItemType,false
LoansAndLeasesReceivableDeferredIncome,monetaryItemType,false
LongTermLoansPayable,monetaryItemType,false
LoansManagedOrSecuritizedAbstract,stringItemType,true
LoansMember,domainItemType,true
LoansPayable,monetaryItemType,false
LoansPayableAbstract,stringItemType,true
LoansPayableToBankCurrent,monetaryItemType,false
LongTermLoansFromBank,monetaryItemType,false
LoansPayableCurrent,monetaryItemType,false
LoansPayableCurrentAbstract,stringItemType,true
LongTermLoansPayableAbstract,stringItemType,true
LoansPayableMember,domainItemType,true
LoansPayableToBank,monetaryItemType,false
LoansPledgedAsCollateral,monetaryItemType,false
OriginationOfLoansToEmployeeStockOwnershipPlans,monetaryItemType,false
InterestExpenseLongTermDebtAbstract,stringItemType,true
InterestExpenseLongTermDebtAndCapitalSecurities,monetaryItemType,false
InterestExpenseLongTermDebtAndCapitalSecuritiesAbstract,stringItemType,true
LongTermDebtContingentPaymentOfPrincipalOrInterest,stringItemType,false
LongTermDebtCurrent,monetaryItemType,false
LongTermDebtDescription,stringItemType,false
LongTermDebtMaturingInYearsFourAndFive,monetaryItemType,false
LongTermDebtMaturingInYearsTwoAndThree,monetaryItemType,false
LongTermDebtMaturitiesRepaymentTerms,stringItemType,false
LongTermDebtMaturitiesRepaymentsOfPrincipalAfterYearFive,monetaryItemType,false
LongTermDebtMaturitiesRepaymentsOfPrincipalInNextTwelveMonths,monetaryItemType,false
LongTermDebtMaturitiesRepaymentsOfPrincipalInYearFive,monetaryItemType,false
LongTermDebtMaturitiesRepaymentsOfPrincipalInYearFour,monetaryItemType,false
LongTermDebtMaturitiesRepaymentsOfPrincipalInYearThree,monetaryItemType,false
LongTermDebtMaturitiesRepaymentsOfPrincipalInYearTwo,monetaryItemType,false
LongTermDebtNoncurrent,monetaryItemType,false
LongTermDebtPercentageBearingFixedInterestRate,percentItemType,false
LongTermDebtPercentageBearingVariableInterestRate,percentItemType,false
LongTermContractForPurchaseOfElectricPowerAmountOfLongTermDebtOrLeaseObligationOutstanding,monetaryItemType,false
LongTermContractForPurchaseOfElectricPowerAnnualMinimumDebtServicePaymentRequired,monetaryItemType,false
LongTermDebt,monetaryItemType,false
LongTermDebtNoncurrentAbstract,stringItemType,true
LossOnReacquiredDebtMember,domainItemType,true
MaturitiesOfLongTermDebtAbstract,stringItemType,true
MaturitiesOfSeniorDebt,monetaryItemType,false
MaturitiesOfSubordinatedDebt,monetaryItemType,false
InterestExpenseMediumTermNotes,monetaryItemType,false
MovementInMortgageLoansOnRealEstateRollForward,stringItemType,true
MunicipalDebtSecuritiesAtCarryingValue,monetaryItemType,false
PaymentsForProceedsFromDepositOnLoan,monetaryItemType,false
ProceedsFromRepaymentsOfDebt,monetaryItemType,false
ProceedsFromRepaymentsOfDebtAbstract,stringItemType,true
ProceedsFromPaymentsForDepositsAppliedToDebtRetirements,monetaryItemType,false
IncreaseDecreaseInLoansHeldForSale,monetaryItemType,false
IncreaseDecreaseInLoansHeldForSaleAbstract,stringItemType,true
PaymentsForProceedsFromLoansAndLeases,monetaryItemType,false
PaymentsForProceedsFromLoansAndLeasesAbstract,stringItemType,true
ProceedsFromRepaymentsOfLongTermDebtAndCapitalSecurities,monetaryItemType,false
ProceedsFromRepaymentsOfLongTermDebtAndCapitalSecuritiesAbstract,stringItemType,true
ProceedsFromRepaymentsOfOtherDebt,monetaryItemType,false
ProceedsFromRepaymentsOfOtherDebtAbstract,stringItemType,true
ProceedsFromRepaymentsOfOtherLongTermDebt,monetaryItemType,false
ProceedsFromRepaymentsOfRelatedPartyDebt,monetaryItemType,false
ProceedsFromRepaymentsOfSecuredDebt,monetaryItemType,false
IncreaseDecreaseInUndisbursedLoanFunds,monetaryItemType,false
GainLossOnSaleOfMortgageLoans,monetaryItemType,false
GainLossOnSalesOfConsumerLoans,monetaryItemType,false
GainLossOnSaleOfLoansAndLeases,monetaryItemType,false
GainLossOnSaleOfLoansAndLeasesAbstract,stringItemType,true
ProceedsFromLoanAndLeaseOriginationsAndPrincipalCollectionsAbstract,stringItemType,true
LoansAndLeasesReceivableAllowance,monetaryItemType,false
AllowanceForLoanAndLeaseLossesRealEstate,monetaryItemType,false
LoansAndLeasesReceivableNetReportedAmount,monetaryItemType,false
LoansAndLeasesReceivableNetReportedAmountAbstract,stringItemType,true
MortgageLoansOnRealEstateCommercialAndConsumerNet,monetaryItemType,false
MortgageLoansOnRealEstateCommercialAndConsumerNetInvestmentBasedOperationsPresentationAbstract,stringItemType,true
NondebtorReorganizationItemsLegalAndAdvisoryProfessionalFees,monetaryItemType,false
LoanProcessingFee,monetaryItemType,false
OtherNoninterestExpense,monetaryItemType,false
GainLossOnSalesOfLoansNet,monetaryItemType,false
InterestAndDebtExpense,monetaryItemType,false
InterestAndDebtExpenseAbstract,stringItemType,true
LongTermAccountsNotesAndLoansReceivableNetNoncurrentAbstract,stringItemType,true
NoninterestExpenseCommissionExpense,monetaryItemType,false
NoninterestExpenseDirectorsFees,monetaryItemType,false
NoninterestExpenseInvestmentAdvisoryFees,monetaryItemType,false
NoninterestExpenseOfferingCost,monetaryItemType,false
NoninterestExpenseRelatedToPerformanceFees,monetaryItemType,false
NoninterestExpensePrintingAndFulfillment,monetaryItemType,false
NoninterestExpenseTransferAgentAndCustodianFees,monetaryItemType,false
NotesAndLoansPayable,monetaryItemType,false
NotesAndLoansPayableAbstract,stringItemType,true
LongTermNotesAndLoans,monetaryItemType,false
LongTermNotesAndLoansAbstract,stringItemType,true
NotesAndLoansPayableCurrent,monetaryItemType,false
NotesAndLoansPayableCurrentAbstract,stringItemType,true
NotesAndLoansReceivableGrossNoncurrent,monetaryItemType,false
NotesAndLoansReceivableNetNoncurrent,monetaryItemType,false
NotesAndLoansReceivableGrossCurrent,monetaryItemType,false
NumberOfInterestRateDerivativesHeld,integerItemType,false
OriginationOfLoanToPurchaseCommonStock,monetaryItemType,false
PaymentsForOriginationAndPurchasesOfLoansHeldForSale,monetaryItemType,false
PaymentsForOriginationAndPurchasesOfLoansHeldForSaleAbstract,stringItemType,true
OtherBorrowings,monetaryItemType,false
PaymentsForProceedsFromOtherLoansAndLeases,monetaryItemType,false
OtherLoansPayable,monetaryItemType,false
OtherLoansPayableCurrent,monetaryItemType,false
OtherLoansPayableLongTerm,monetaryItemType,false
OtherShortTermBorrowings,monetaryItemType,false
ParticipatingMortgageLoanNameDomain,domainItemType,true
ParticipatingMortgageLoansAppreciationInMarketValue,stringItemType,false
ParticipatingMortgageLoansAxis,stringItemType,true
ParticipatingMortgageLoansUnamortizedDebtDiscountAmount,monetaryItemType,false
ParticipatingMortgageLoansExtinguishmentGainLoss,monetaryItemType,false
ParticipatingMortgageLoansLineItems,stringItemType,true
ParticipatingMortgageLoansMortgageObligationsAmount,monetaryItemType,false
ParticipatingMortgageLoansParticipationLiabilitiesAmount,monetaryItemType,false
ParticipatingMortgageLoansTable,stringItemType,true
RepaymentsOfFederalHomeLoanBankBorrowings,monetaryItemType,false
PaymentsForOriginationOfMortgageLoansHeldForSale,monetaryItemType,false
PercentageOfDebtHedgedByInterestRateDerivatives,percentItemType,false
DefinedBenefitPlanEffectOfOnePercentagePointIncreaseOnServiceAndInterestCostComponents,monetaryItemType,false
DefinedBenefitPlanInterestCost,monetaryItemType,false
PlanOfReorganizationDescriptionOfDebtSecuritiesIssuedOrToBeIssued,stringItemType,false
PledgedAssetsSeparatelyReportedLoansPledgedAsCollateralAtFairValueAbstract,stringItemType,true
PledgedAssetsSeparatelyReportedLoansPledgedAsCollateralAtFairValue,monetaryItemType,false
PledgedAssetsSeparatelyReportedLoansPledgedForFederalHomeLoanBankAtFairValue,monetaryItemType,false
PledgedAssetsSeparatelyReportedLoansPledgedForOtherDebtObligationsAtFairValue,monetaryItemType,false
PledgedAssetsSeparatelyReportedLoansPledgedForRepurchaseAgreementsAtFairValue,monetaryItemType,false
PledgedAssetsSeparatelyReportedOtherDebtSecuritiesAvailableForSaleOrHeldForInvestment,monetaryItemType,false
PledgedAssetsSeparatelyReportedSecuritiesPledgedForFederalHomeLoanBankAtFairValue,monetaryItemType,false
PledgedAssetsSeparatelyReportedSecuritiesPledgedForOtherDebtObligationsAtFairValue,monetaryItemType,false
PledgedFinancialInstrumentsNotSeparatelyReportedLoansReceivablePledgedAsCollateral,monetaryItemType,false
PledgedFinancialInstrumentsNotSeparatelyReportedLoansReceivablePledgedAsCollateralAbstract,stringItemType,true
PledgedFinancialInstrumentsNotSeparatelyReportedLoansReceivablePledgedForFederalHomeLoanBankDebt,monetaryItemType,false
PledgedFinancialInstrumentsNotSeparatelyReportedLoansReceivablePledgedForOtherArrangements,monetaryItemType,false
PledgedFinancialInstrumentsNotSeparatelyReportedLoansReceivablePledgedForRepurchaseAgreements,monetaryItemType,false
PledgedFinancialInstrumentsNotSeparatelyReportedOtherDebtSecuritiesAvailableForSaleOrHeldForInvestment,monetaryItemType,false
PledgedFinancialInstrumentsNotSeparatelyReportedOtherDebtSecuritiesHeldToMaturity,monetaryItemType,false
PledgedFinancialInstrumentsNotSeparatelyReportedSecuritiesForFederalHomeLoanBank,monetaryItemType,false
PledgedFinancialInstrumentsNotSeparatelyReportedSecuritiesForOtherDebtFacilities,monetaryItemType,false
PolicyLoansMember,domainItemType,true
PolicyLoansReceivable,monetaryItemType,false
MortgageLoansOnRealEstateAmortizationOfPremium,monetaryItemType,false
MortgageLoansOnRealEstate,monetaryItemType,false
MortgageLoansOnRealEstateCostOfMortgagesSold,monetaryItemType,false
MortgageLoansOnRealEstateForeclosures,monetaryItemType,false
MortgageLoansOnRealEstateNewMortgageLoans,monetaryItemType,false
MortgageLoansOnRealEstateOtherAdditions,monetaryItemType,false
MortgageLoansOnRealEstatePeriodIncreaseDecrease,monetaryItemType,false
PrincipalAmountOutstandingOfLoansHeldInPortfolio,monetaryItemType,false
PrincipalAmountOutstandingOfLoansHeldInPortfolioAbstract,stringItemType,true
PrincipalAmountOutstandingOnLoansHeldForSaleOrSecuritization,monetaryItemType,false
PrincipalAmountOutstandingOnLoansManagedAndSecuritized,monetaryItemType,false
PrincipalAmountOutstandingOnLoansSecuritized,monetaryItemType,false
ProceedsFromPrincipalRepaymentsOnLoansAndLeasesHeldForInvestment,monetaryItemType,false
ProceedsFromBankDebt,monetaryItemType,false
ProceedsFromConstructionLoansPayable,monetaryItemType,false
ProceedsFromConvertibleDebt,monetaryItemType,false
ProceedsFromFederalHomeLoanBankBorrowings,monetaryItemType,false
ProceedsFromRepaymentOfLoansToPurchaseCommonStock,monetaryItemType,false
ProceedsFromIssuanceOfOtherLongTermDebt,monetaryItemType,false
ProceedsOfOtherLoansAndLeasesHeldForInvestment,monetaryItemType,false
ProceedsFromIssuanceOfLongTermDebt,monetaryItemType,false
ProceedsFromIssuanceOfLongTermDebtAbstract,stringItemType,true
ProceedsFromIssuanceOfLongTermDebtAndCapitalSecuritiesNet,monetaryItemType,false
ProceedsFromIssuanceOfLongTermDebtAndCapitalSecuritiesNetAbstract,stringItemType,true
ProceedsFromOtherDebt,monetaryItemType,false
ProceedsFromRelatedPartyDebt,monetaryItemType,false
ProceedsFromSaleOfLoansReceivable,monetaryItemType,false
ProceedsFromSaleOfLoansHeldForInvestment,monetaryItemType,false
ProceedsFromSaleOfLoansHeldForSale,monetaryItemType,false
ProceedsFromSaleOfLoansAndLeasesHeldForInvestment,monetaryItemType,false
ProceedsFromSaleOfLoansAndLeasesHeldForInvestmentAbstract,stringItemType,true
ProceedsFromSaleOfWhollyOwnedRealEstateAndRealEstateAcquiredInSettlementOfLoans,monetaryItemType,false
ProceedsFromIssuanceOfSecuredDebt,monetaryItemType,false
ProceedsFromIssuanceOfSecuredTaxExemptDebt,monetaryItemType,false
ProceedsFromSecuritizationsOfConsumerLoans,monetaryItemType,false
ProceedsFromSecuritizationsOfLoansHeldForInvestment,monetaryItemType,false
ProceedsFromSecuritizationsOfLoansHeldForInvestmentAbstract,stringItemType,true
ProceedsFromShortTermDebt,monetaryItemType,false
ProceedsFromShortTermDebtAbstract,stringItemType,true
ProceedsFromOtherShortTermDebt,monetaryItemType,false
ProceedsFromSubordinatedShortTermDebt,monetaryItemType,false
ProceedsFromIssuanceOfUnsecuredDebt,monetaryItemType,false
ProvisionForLoanLeaseAndOtherLosses,monetaryItemType,false
ProvisionForLoanLeaseAndOtherLossesAbstract,stringItemType,true
ProvisionForLoanAndLeaseLosses,monetaryItemType,false
ProvisionForLoanAndLeaseLossesAbstract,stringItemType,true
ProvisionForLoanLossesExpensed,monetaryItemType,false
InterestCostForPlantConstructionUsingIntermediaryPolicy,textBlockItemType,false
PaymentsToAcquireLoansHeldForInvestment,monetaryItemType,false
PaymentsToPurchaseLoansHeldForSale,monetaryItemType,false
PaymentsToPurchaseLoansHeldForSaleAbstract,stringItemType,true
PaymentsToAcquireLoansAndLeasesHeldForInvestment,monetaryItemType,false
PaymentsToAcquireLoansAndLeasesHeldForInvestmentAbstract,stringItemType,true
PaymentsToAcquireOtherLoansAndLeasesHeldForInvestment,monetaryItemType,false
PaymentsToAcquireLoansReceivable,monetaryItemType,false
PaymentsToPurchaseMortgageLoansHeldForSale,monetaryItemType,false
PaymentsToPurchaseOtherLoansHeldForSale,monetaryItemType,false
PaymentsToAcquireLoansAndLeasesHeldForInvestmentCreditCardSecuritizations,monetaryItemType,false
PurposeOfInterestRateDerivativeInstrumentsNotDesignatedAsHedgingInstruments,stringItemType,false
RealEstateAcquiredInSatisfactionOfDebtMember,domainItemType,true
ReceiptOfAssetsInSatisfactionOfDebtMember,domainItemType,true
LoansNotesTradeAndOtherReceivablesDisclosureTextBlock,textBlockItemType,false
FinanceLoansAndLeasesReceivablePolicy,textBlockItemType,false
FinanceLoanAndLeaseReceivablesHeldForInvestmentPolicy,textBlockItemType,false
FinanceLoanAndLeaseReceivablesHeldForInvestmentAllowanceAndNonperformingLoansPolicy,textBlockItemType,false
FinanceLoanAndLeaseReceivablesHeldForInvestmentAllowanceAndNonperformingLoansNonperformingLoansPolicy,textBlockItemType,false
FinanceLoanAndLeaseReceivablesHeldForInvestmentsForeclosedAssetsPolicy,textBlockItemType,false
FinanceLoanAndLeaseReceivablesHeldForSalePolicy,textBlockItemType,false
ReceivableWithImputedInterestEffectiveYieldInterestRate,percentItemType,false
DeferredLossOnEarlyExtinguishmentOfDebtMember,domainItemType,true
RepaymentsOfAssumedDebt,monetaryItemType,false
RepaymentsOfBankDebt,monetaryItemType,false
RepaymentsOfConstructionLoansPayable,monetaryItemType,false
RepaymentsOfLongTermDebt,monetaryItemType,false
RepaymentsOfLongTermDebtAbstract,stringItemType,true
RepaymentsOfLongTermDebtAndCapitalSecurities,monetaryItemType,false
RepaymentsOfLongTermDebtAndCapitalSecuritiesAbstract,stringItemType,true
RepaymentsOfSubordinatedDebt,monetaryItemType,false
RepaymentsOfSubordinatedDebtAbstract,stringItemType,true
RepaymentsOfOtherDebt,monetaryItemType,false
RepaymentsOfOtherLongTermDebt,monetaryItemType,false
RepaymentsOfRelatedPartyDebt,monetaryItemType,false
RepaymentsOfSecuredDebt,monetaryItemType,false
RepaymentsOfSeniorDebt,monetaryItemType,false
RepaymentsOfSeniorDebtAbstract,stringItemType,true
RepaymentsOfShortTermDebt,monetaryItemType,false
RepaymentsOfShortTermDebtAbstract,stringItemType,true
RepaymentsOfOtherShortTermDebt,monetaryItemType,false
RepaymentsOfSubordinatedShortTermDebt,monetaryItemType,false
RepaymentsOfUnsecuredTaxExemptDebt,monetaryItemType,false
RepaymentsOfUnsecuredDebt,monetaryItemType,false
RepurchaseAgreementsInterestExpenseAmount,monetaryItemType,false
RepaymentsOfConvertibleDebt,monetaryItemType,false
RestrictionsOnDividendsLoansAndAdvancesTextBlock,textBlockItemType,false
ResultsOfOperationsOilAndGasProducingActivitiesNetIncomeExcludingCorporateOverheadAndInterestCosts,monetaryItemType,false
SaleLeasebackTransactionImputedInterestRate,percentItemType,false
ScheduleOfExtinguishmentOfDebtTextBlock,textBlockItemType,false
ScheduleOfDebtConversionsTextBlock,textBlockItemType,false
ScheduleOfDebtInstrumentsTextBlock,textBlockItemType,false
ScheduleOfDebtorTroubledDebtRestructuringCurrentPeriodTextBlock,textBlockItemType,false
ScheduleOfDebtorTroubledDebtRestructuringSubsequentPeriodsTextBlock,textBlockItemType,false
ScheduleOfLineOfCreditFacilitiesTextBlock,textBlockItemType,false
ScheduleOfParticipatingMortgageLoansTextBlock,textBlockItemType,false
ScheduleOfShortTermDebtTextBlock,textBlockItemType,false
ScheduleOfSubordinatedBorrowingTextBlock,textBlockItemType,false
SecuredDebtCurrent,monetaryItemType,false
SecuredDebtMember,domainItemType,true
SecuredDebt,monetaryItemType,false
SecuredLongTermDebt,monetaryItemType,false
AvailableForSaleSecuritiesDebtSecuritiesCurrent,monetaryItemType,false
SecuritiesBorrowedAndLoanedPolicy,textBlockItemType,false
SecuritiesBorrowedTransactionsAndSecuritiesLoanedTransactionsTypesOfSecurities,stringItemType,false
FinancialInstrumentsSoldNotYetPurchasedOtherSovereignGovernmentDebt,monetaryItemType,false
ShareBasedCompensationArrangementByShareBasedPaymentAwardFairValueAssumptionsRiskFreeInterestRate,percentItemType,false
ShortTermDebtTypeDomain,domainItemType,true
ShortTermDebtRefinancedAmount,monetaryItemType,false
ShortTermDebtRefinancedDescription,stringItemType,false
ShortTermDebtTerms,stringItemType,false
ShortTermDebtWeightedAverageInterestRate,percentItemType,false
ShortTermDebtTypeAxis,stringItemType,true
ShortTermDebtLineItems,stringItemType,true
ScheduleOfShortTermDebtTable,stringItemType,true
ShortTermDebtDescription,stringItemType,false
ShortTermDebtPercentageBearingFixedInterestRate,percentItemType,false
ShortTermDebtPercentageBearingVariableInterestRate,percentItemType,false
ShortTermDebtOtherDisclosuresAbstract,stringItemType,true
ShortTermBorrowings,monetaryItemType,false
ShortTermBorrowingsAbstract,stringItemType,true
ShortTermDebtLender,stringItemType,false
SubordinatedBorrowingsAbstract,stringItemType,true
SubordinatedBorrowingsDisclosureTextBlock,textBlockItemType,false
SubordinatedBorrowingNameDomain,domainItemType,true
SubordinatedBorrowingDueDate,dateItemType,false
SubordinatedBorrowingInterestRate,percentItemType,false
SubordinatedBorrowingAxis,stringItemType,true
SubordinatedBorrowingLineItems,stringItemType,true
SubordinatedBorrowingTable,stringItemType,true
SubordinatedBorrowingTermsAndConditions,stringItemType,false
SubordinatedDebtCurrent,monetaryItemType,false
SubordinatedLongTermDebt,monetaryItemType,false
SubordinatedDebtMember,domainItemType,true
SubordinatedDebt,monetaryItemType,false
SummaryOfTroubledDebtRestructuringNoteDebtorTextBlock,textBlockItemType,false
ContractTerminationClaimsAndLoansAbstract,stringItemType,true
TerminationLoans,monetaryItemType,false
TerminationLoansDescription,stringItemType,false
TimeDepositsWeightedAverageInterestRateMaturitiesGreaterThanFiveYears,percentItemType,false
TimeDepositsWeightedAverageInterestRateMaturitiesGreaterThanOneYear,percentItemType,false
TimeDepositsWeightedAverageInterestRateMaturitiesYearFive,percentItemType,false
TimeDepositsWeightedAverageInterestRateMaturitiesYearFour,percentItemType,false
TimeDepositsWeightedAverageInterestRateMaturitiesYearOne,percentItemType,false
TimeDepositsWeightedAverageInterestRateMaturitiesYearThree,percentItemType,false
TimeDepositsWeightedAverageInterestRateMaturitiesYearTwo,percentItemType,false
NoninterestExpense,monetaryItemType,false
NoninterestExpenseAbstract,stringItemType,true
TroubledDebtRestructuringDebtorCurrentPeriodDescriptionOfChangesInTerms,stringItemType,false
GainsLossesOnRestructuringOfDebt,monetaryItemType,false
TroubledDebtRestructuringDebtorCurrentPeriodGainLossOnRestructuringNetOfTax,monetaryItemType,false
TroubledDebtRestructuringDebtorCurrentPeriodGainLossOnRestructuringTaxEffect,monetaryItemType,false
TroubledDebtRestructuringDebtorCurrentPeriodAbstract,stringItemType,true
TroubledDebtRestructuringDebtorCurrentPeriodAxis,stringItemType,true
TroubledDebtRestructuringDebtorCurrentPeriodCreditorDomain,domainItemType,true
TroubledDebtRestructuringDebtorCurrentPeriodGainLossOnRestructuringPerShareNet,perShareItemType,false
TroubledDebtRestructuringDebtorCurrentPeriodLineItems,stringItemType,true
TroubledDebtRestructuringDebtorCurrentPeriodTable,stringItemType,true
TroubledDebtRestructuringDebtorOther,stringItemType,false
TroubledDebtRestructuringDebtorSubsequentPeriodsContingentPaymentsAmount,monetaryItemType,false
TroubledDebtRestructuringDebtorSubsequentPeriodsContingentPaymentsConditions,stringItemType,false
TroubledDebtRestructuringDebtorSubsequentPeriodsContingentPaymentsNameDomain,domainItemType,true
TroubledDebtRestructuringDebtorSubsequentPeriodsAxis,stringItemType,true
TroubledDebtRestructuringDebtorSubsequentPeriodsLineItems,stringItemType,true
TroubledDebtRestructuringDebtorSubsequentPeriodsTable,stringItemType,true
TroubledDebtRestructuringNoteDebtorAbstract,stringItemType,true
TypesOfItemsHedgedByInterestRateDerivatives,stringItemType,false
USGovernmentDebtSecuritiesMember,domainItemType,true
UnamortizedLossReacquiredDebtNoncurrent,monetaryItemType,false
UnsecuredDebtCurrent,monetaryItemType,false
UnsecuredDebtMember,domainItemType,true
UnsecuredDebt,monetaryItemType,false
UnsecuredLongTermDebt,monetaryItemType,false
VeteransAdministrationLoanMember,domainItemType,true
WarehouseAgreementBorrowings,monetaryItemType,false
WarehouseAgreementBorrowingsMember,domainItemType,true
WeightedAverageInterestRateOfTimeDeposits100000OrMore,percentItemType,false
WeightedAverageInterestRateOfTimeDeposits100000OrMoreAbstract,stringItemType,true
WeightedAverageInterestRateOfTimeDeposits100000OrMoreAfter12Months,percentItemType,false
WeightedAverageInterestRateOfTimeDeposits100000OrMoreDescription,stringItemType,false
WeightedAverageInterestRateOfTimeDeposits100000OrMoreSixMonthsThrough12Months,percentItemType,false
WeightedAverageInterestRateOfTimeDeposits100000OrMoreThreeMonthsOrLess,percentItemType,false
WeightedAverageInterestRateOfTimeDeposits100000OrMoreThreeMonthsThroughSixMonths,percentItemType,false
WriteOffOfDeferredDebtIssuanceCost,monetaryItemType,false
DisposalGroupIncludingDiscontinuedOperationAccountsNotesAndLoansReceivableNet,monetaryItemType,false
ForeignGovernmentDebtMember,domainItemType,true
DomesticCorporateDebtSecuritiesMember,domainItemType,true
ForeignCorporateDebtSecuritiesMember,domainItemType,true
TroubledDebtRestructuringDebtorCurrentPeriodGainLossOnTransferOfAssetsNetOfTax,monetaryItemType,false
AvailableForSaleSecuritiesDebtMaturitiesWithinOneYearAmortizedCost,monetaryItemType,false
AvailableForSaleSecuritiesDebtMaturitiesAfterOneThroughFiveYearsAmortizedCost,monetaryItemType,false
AvailableForSaleSecuritiesDebtMaturitiesAfterFiveThroughTenYearsAmortizedCost,monetaryItemType,false
AvailableForSaleSecuritiesDebtMaturitiesAfterTenYearsAmortizedCost,monetaryItemType,false
AvailableForSaleSecuritiesDebtMaturitiesWithoutSingleMaturityDateAmortizedCost,monetaryItemType,false
AvailableForSaleSecuritiesDebtMaturitiesWithinOneYearFairValue,monetaryItemType,false
AvailableForSaleSecuritiesDebtMaturitiesAfterOneThroughFiveYearsFairValue,monetaryItemType,false
AvailableForSaleSecuritiesDebtMaturitiesAfterFiveThroughTenYearsFairValue,monetaryItemType,false
AvailableForSaleSecuritiesDebtMaturitiesAfterTenYearsFairValue,monetaryItemType,false
AvailableForSaleSecuritiesDebtMaturitiesWithoutSingleMaturityDateFairValue,monetaryItemType,false
AvailableForSaleSecuritiesDebtMaturitiesAmortizedCostAbstract,stringItemType,true
AvailableForSaleSecuritiesDebtMaturitiesFairValueAbstract,stringItemType,true
AvailableForSaleSecuritiesDebtSecuritiesNoncurrent,monetaryItemType,false
AvailableForSaleSecuritiesDebtSecurities,monetaryItemType,false
OtherDebtSecuritiesMember,domainItemType,true
HeldToMaturitySecuritiesDebtMaturitiesFairValueAbstract,stringItemType,true
LoansAndLeasesReceivablePrepaymentEstimateAssumptionsPolicy,textBlockItemType,false
InducedConversionOfConvertibleDebtExpense,monetaryItemType,false
HeldToMaturitySecuritiesDebtMaturitiesWithinOneYearFairValue,monetaryItemType,false
HeldToMaturitySecuritiesDebtMaturitiesAfterOneThroughFiveYearsFairValue,monetaryItemType,false
HeldToMaturitySecuritiesDebtMaturitiesAfterFiveThroughTenYearsFairValue,monetaryItemType,false
HeldToMaturitySecuritiesDebtMaturitiesAfterTenYearsFairValue,monetaryItemType,false
HeldToMaturitySecuritiesDebtMaturitiesWithoutSingleMaturityDateFairValue,monetaryItemType,false
NotesAndLoansReceivableNetCurrentAbstract,stringItemType,true
NotesAndLoansReceivableNetCurrent,monetaryItemType,false
NotesAndLoansReceivableNetNoncurrentAbstract,stringItemType,true
AllowanceForNotesAndLoansReceivableNoncurrent,monetaryItemType,false
TradingSecuritiesDebt,monetaryItemType,false
LongTermAccountsNotesAndLoansReceivableNetNoncurrent,monetaryItemType,false
CertainLoansAcquiredInTransferNotAccountedForAsDebtSecuritiesAcquiredDuringPeriodConsumerAtAcquisitionAtFairValue,monetaryItemType,false
CertainLoansAcquiredInTransferNotAccountedForAsDebtSecuritiesAcquiredDuringPeriodCommercialAtAcquisitionAtFairValue,monetaryItemType,false
CertainLoansAcquiredInTransferNotAccountedForAsDebtSecuritiesAcquiredDuringPeriodConsumerCashFlowsExpectedToBeCollectedAtAcquisition,monetaryItemType,false
CertainLoansAcquiredInTransferNotAccountedForAsDebtSecuritiesAcquiredDuringPeriodCommercialCashFlowsExpectedToBeCollectedAtAcquisition,monetaryItemType,false
AccountsNotesAndLoansReceivableClassifiedAbstract,stringItemType,true
AccountsNotesAndLoansReceivableLineItems,stringItemType,true
LoansAndLeasesReceivableGrossCarryingAmountAbstract,stringItemType,true
DeterioratedLoansTransferredInDebtSecuritiesAccreditableYieldNetIncreaseDecreaseAbstract,stringItemType,true
ResultsOfOperationsOilAndGasProducingActivitiesNetIncomeExcludingCorporateOverheadAndInterestCostsAbstract,stringItemType,true
PaymentsForLoans,monetaryItemType,false
AvailableForSaleSecuritiesDebtMaturitiesAbstract,stringItemType,true
HeldToMaturitySecuritiesDebtMaturitiesAbstract,stringItemType,true
DebtorInPossessionFinancingAmountArranged,monetaryItemType,false
DebtorInPossessionFinancingAmendmentsToArrangementIncreaseDecreaseInAmountArranged,monetaryItemType,false
CertainLoansAcquiredInTransferAccountedForAsDebtSecuritiesAccretableYieldPeriodIncreaseDecrease,monetaryItemType,false
CertainLoansAcquiredInTransferNotAccountedForAsDebtSecuritiesAccretableYieldPeriodIncreaseDecrease,monetaryItemType,false
LongTermDebtByCurrentAndNoncurrentAbstract,stringItemType,true
GrandfatheredESOPExpenseRecognitionActualInterestIncurredOnESOPDebt,monetaryItemType,false
LoansReceivableFairValueDisclosure,monetaryItemType,false
InvestmentInFederalHomeLoanBankStockFairValueDisclosure,monetaryItemType,false
SecuritiesLoanedOrSoldUnderAgreementsToRepurchaseFairValueDisclosure,monetaryItemType,false
FederalHomeLoanBankBorrowingsFairValueDisclosure,monetaryItemType,false
GrandfatheredESOPExpenseRecognitionDividendsUsedByESOPForDebtService,monetaryItemType,false
RealEstateInventoryCapitalizedInterestCosts,monetaryItemType,false
RealEstateInventoryCapitalizedInterestCostsRollForward,stringItemType,true
RealEstateInventoryCapitalizedInterestCostsIncurred,monetaryItemType,false
RealEstateInventoryCapitalizedInterestCostsPeriodIncreaseDecrease,monetaryItemType,false
FairValueConcentrationOfRiskLoansReceivable,monetaryItemType,false
FairValueConcentrationOfRiskInvestmentInFederalHomeLoanBankStock,monetaryItemType,false
FairValueLiabilitiesMeasuredOnRecurringBasisSubordinatedDebtObligations,monetaryItemType,false
WrittenLoanCommitmentFairValueOptionMember,domainItemType,true
FairValueOptionAggregateDifferencesLongTermDebtInstruments,monetaryItemType,false
FairValueOptionAggregateDifferencesLoansAndLongTermReceivables,monetaryItemType,false
FairValueOptionLoansHeldAsAssets90DaysOrMorePastDue,monetaryItemType,false
FairValueOptionLoansHeldAsAssetsAggregateAmountInNonaccrualStatus,monetaryItemType,false
FairValueOptionLoansHeldAsAssetsAggregateDifference,monetaryItemType,false
FairValueOptionLoansHeldAsAssetsAbstract,stringItemType,true
UnamortizedLoanCommitmentAndOriginationFeesAndUnamortizedDiscountsOrPremiums,monetaryItemType,false
LongTermDebtByComponentsAlternativeAbstract,stringItemType,true
LongTermDebtByMaturityAbstract,stringItemType,true
LongTermDebtMaturingInYearsTwoAndThreeAbstract,stringItemType,true
LongTermDebtMaturingInYearsFourAndFiveAbstract,stringItemType,true
WeightedAverageInterestRateOfTimeDeposits100000OrMoreDisclosuresAbstract,stringItemType,true
InterestExpenseOnDepositLiabilitiesDisclosuresAbstract,stringItemType,true
InterestExpenseDepositsByDomesticAndForeignComponentAbstract,stringItemType,true
InterestExpenseOnDepositLiabilitiesDescriptionAbstract,stringItemType,true
FederalHomeLoanBankAdvancesMaturitiesSummaryByInterestRateTypeUnderOneYearAbstract,stringItemType,true
FederalHomeLoanBankAdvancesMaturitiesSummaryAverageInterestRateOfAmountsDueAbstract,stringItemType,true
FederalHomeLoanBankAdvancesMaturitiesSummaryByInterestRateTypeByRateTypeAbstract,stringItemType,true
FederalHomeLoanBankAdvancesMaturitiesSummaryByInterestRateTypeFixedRateAbstract,stringItemType,true
FederalHomeLoanBankAdvancesMaturitiesSummaryByInterestRateTypeFloatingRateAbstract,stringItemType,true
LongTermDebtMember,domainItemType,true
ShortTermDebtMember,domainItemType,true
PaymentsToAcquireAvailableForSaleSecuritiesDebt,monetaryItemType,false
ProceedsFromSaleOfAvailableForSaleSecuritiesDebt,monetaryItemType,false
DebtIssuanceCostsIncurredDuringNoncashOrPartialNoncashTransaction,monetaryItemType,false
SecuredDebtRepurchaseAndReverseRepurchaseAgreementsAndDollarRollsAbstract,stringItemType,true
SecuredDebtRepurchaseAgreements,monetaryItemType,false
SecuredDebtDollarRolls,monetaryItemType,false
SecuredDebtOther,monetaryItemType,false
AllowanceForLoanAndLeaseLossesRealEstateMember,domainItemType,true
NetInterestIncomeLossAfterProvisionForLoanLossesAbstract,stringItemType,true
TroubledDebtRestructuringDebtorCurrentPeriodGainLossOnRestructuringNetOfTaxAbstract,stringItemType,true
InterestRateCashFlowHedgeDerivativeAtFairValueNetAbstract,stringItemType,true
InterestRateDerivativeInstrumentsNotDesignatedAsHedgingInstrumentsAtFairValueNetAbstract,stringItemType,true
InterestRateDerivativesAtFairValueNetAbstract,stringItemType,true
InterestRateFairValueHedgeDerivativeAtFairValueNetAbstract,stringItemType,true
GainLossOnSaleOfOtherLoansAndLeases,monetaryItemType,false
MortgageLoansOnRealEstateOtherDeductions,monetaryItemType,false
ProceedsFromSaleAndCollectionOfLoansReceivable,monetaryItemType,false
ProceedsFromCollectionOfLoansReceivable,monetaryItemType,false
ProceedsFromSaleAndCollectionOfLoansReceivableAbstract,stringItemType,true
ConvertibleDebtNoncurrent,monetaryItemType,false
ConvertibleDebt,monetaryItemType,false
OtherLongTermDebtNoncurrent,monetaryItemType,false
OtherLongTermDebt,monetaryItemType,false
PolicyLoansReceivablePolicy,textBlockItemType,false
AdvancesFromFederalHomeLoanBanksAbstract,stringItemType,true
SecuritiesLoaned,monetaryItemType,false
LongTermDebtAbstract,stringItemType,true
InterestExpensePolicyTextBlock,textBlockItemType,false
LoanCommitmentsPolicy,textBlockItemType,false
DebtPolicyTextBlock,textBlockItemType,false
SupplementalInformationForPropertyCasualtyInsuranceUnderwritersInterestRateAtWhichDiscountComputed,percentItemType,false
LoansAndLeasesReceivableLoansInProcess,monetaryItemType,false
FinancialInstrumentsOwnedCorporateDebtAtFairValue,monetaryItemType,false
PublicUtilitiesPropertyPlantAndEquipmentInterestRateOnIntermediaryDebtForElectricUtilityPlantConstruction,percentItemType,false
PublicUtilitiesPropertyPlantAndEquipmentAmountOfInterestIncurredOnIntermediaryDebtForElectricUtilityPlantConstruction,monetaryItemType,false
InterestCostsIncurred,monetaryItemType,false
InterestCostsCapitalized,monetaryItemType,false
DebtOfSubsidiaryNotAssumed,monetaryItemType,false
InterestExpenseDomesticDepositLiabilitiesWithdrawalPenalties,monetaryItemType,false
InterestExpenseDebtAbstract,stringItemType,true
ShortTermBankLoansAndNotesPayable,monetaryItemType,false
ShortTermNonBankLoansAndNotesPayable,monetaryItemType,false
HeldToMaturitySecuritiesDebtMaturitiesNetCarryingAmountAbstract,stringItemType,true
HeldToMaturitySecuritiesDebtMaturitiesWithinOneYearNetCarryingAmount,monetaryItemType,false
HeldToMaturitySecuritiesDebtMaturitiesAfterOneThroughFiveYearsNetCarryingAmount,monetaryItemType,false
HeldToMaturitySecuritiesDebtMaturitiesAfterFiveThroughTenYearsNetCarryingAmount,monetaryItemType,false
HeldToMaturitySecuritiesDebtMaturitiesAfterTenYearsNetCarryingAmount,monetaryItemType,false
HeldToMaturitySecuritiesDebtMaturitiesWithoutSingleMaturityDateNetCarryingAmount,monetaryItemType,false
AdjustmentsToAdditionalPaidInCapitalConvertibleDebtWithConversionFeature,monetaryItemType,false
RevenuesNetOfInterestExpenseAbstract,stringItemType,true
RevenuesNetOfInterestExpense,monetaryItemType,false
USGovernmentAgenciesDebtSecuritiesMember,domainItemType,true
USGovernmentSponsoredEnterprisesDebtSecuritiesMember,domainItemType,true
CarryingValueOfFederalFundsPurchasedSecuritiesSoldUnderAgreementsToRepurchaseAndDepositsReceivedForSecuritiesLoanedAbstract,stringItemType,true
LongTermDebtByComponentsCurrentAndNoncurrentAlternativeAbstract,stringItemType,true
IncreaseDecreaseInSecuritiesLoanedTransactions,monetaryItemType,false
ProceedsFromSaleOfMortgageLoansHeldForSale,monetaryItemType,false
ProceedsFromSaleOfOtherLoansHeldForSale,monetaryItemType,false
ProceedsFromSaleOfLoansHeldForSaleAbstract,stringItemType,true
ProceedsFromCollectionOfMortgageLoansHeldForSale,monetaryItemType,false
ProceedsFromCollectionOfLoansHeldForSale,monetaryItemType,false
ProceedsFromCollectionOfOtherLoansHeldForSale,monetaryItemType,false
ProceedsFromCollectionOfLoansHeldForSaleAbstract,stringItemType,true
ProceedsFromSecuritizationsOfLoansHeldForSale,monetaryItemType,false
ProceedsFromCollectionOfPolicyLoans,monetaryItemType,false
PaymentsToFundPolicyLoans,monetaryItemType,false
InterestExpenseAllocatedToDiscontinuedOperationsPolicy,textBlockItemType,false
LoansReceivableMember,domainItemType,true
InvestmentInFederalHomeLoanBankStockMember,domainItemType,true
BorrowingsMember,domainItemType,true
SubordinatedDebtObligationsMember,domainItemType,true
SecuritiesLoanedOrSoldUnderAgreementsToRepurchaseMember,domainItemType,true
FederalHomeLoanBankBorrowingsMember,domainItemType,true
IncreaseDecreaseInMortgageLoansHeldForSaleAbstract,stringItemType,true
IncreaseDecreaseInMortgageLoansHeldForSale,monetaryItemType,false
ProceedsFromRepaymentsOfShortTermDebtMaturingInThreeMonthsOrLess,monetaryItemType,false
ProceedsFromShortTermDebtMaturingInThreeMonthsOrLess,monetaryItemType,false
RepaymentsOfShortTermDebtMaturingInThreeMonthsOrLess,monetaryItemType,false
ProceedsFromRepaymentsOfShortTermDebtMaturingInThreeMonthsOrLessAlternativeAbstract,stringItemType,true
ProceedsFromRepaymentsOfShortTermDebtMaturingInMoreThanThreeMonthsAlternativeAbstract,stringItemType,true
ProceedsFromShortTermDebtMaturingInMoreThanThreeMonths,monetaryItemType,false
RepaymentsOfShortTermDebtMaturingInMoreThanThreeMonths,monetaryItemType,false
ProceedsFromRepaymentsOfShortTermDebtMaturingInMoreThanThreeMonths,monetaryItemType,false
EmployeeStockOwnershipPlanESOPDebtStructureAbstract,stringItemType,true
EmployeeStockOwnershipPlanESOPDebtStructureEmployerLoanDescription,stringItemType,false
EmployeeStockOwnershipPlanESOPDebtStructureDirectLoanDescription,stringItemType,false
EmployeeStockOwnershipPlanESOPDebtStructureDirectLoanAmount,monetaryItemType,false
EmployeeStockOwnershipPlanESOPDebtStructureIndirectLoanDescription,stringItemType,false
EmployeeStockOwnershipPlanESOPDebtStructureIndirectLoanAmount,monetaryItemType,false
EmployeeStockOwnershipPlanESOPDebtStructureEmployerLoanGuarantee,monetaryItemType,false
EmployeeStockOwnershipPlanESOPDebtStructureDirectLoanEmployerCashPaymentsUsedForDebtService,monetaryItemType,false
ShareBasedGoodsAndNonemployeeServicesTransactionValuationMethodRiskFreeInterestRate,percentItemType,false
LoansHeldForSaleFairValueDisclosure,monetaryItemType,false
LoansAcquiredAccountedForAsDebtSecuritiesDisclosureAbstract,stringItemType,true
LoansAcquiredAccountedForAsDebtSecuritiesHeldToMaturityCategoryAbstract,stringItemType,true
LoansAcquiredAccountedForAsDebtSecuritiesAvailableForSaleCategoryAbstract,stringItemType,true
LoansAcquiredAccountedForAsDebtSecuritiesGeneralItemsAbstract,stringItemType,true
ShortTermDebtTextBlock,textBlockItemType,false
LongTermDebtTextBlock,textBlockItemType,false
LongTermDebtOtherDisclosuresAbstract,stringItemType,true
UnamortizedDebtIssuanceExpense,monetaryItemType,false
InterestOnConvertibleDebtNetOfTax,monetaryItemType,false
InterestPaidDiscontinuedOperations,monetaryItemType,false
InterestExpenseJuniorSubordinatedDebentures,monetaryItemType,false
PaymentsForProceedsFromLoansReceivable,monetaryItemType,false
PaymentsForProceedsFromLoansReceivableAlternativeAbstract,stringItemType,true
TradingAssetsExcludingDebtAndEquitySecuritiesMember,domainItemType,true
ConstructionLoan,monetaryItemType,false
ConstructionLoanNoncurrent,monetaryItemType,false
LoansPayableFairValueDisclosure,monetaryItemType,false
ConvertibleDebtFairValueDisclosures,monetaryItemType,false
DebtConversionDescription,stringItemType,false
GainLossOnSalesOfLoansNetAbstract,stringItemType,true
ConstructionLoanPayableMember,domainItemType,true
TroubledDebtRestructuringDebtorSubsequentPeriodsContingentPaymentsDescription,stringItemType,false
AccountsNotesLoansAndFinancingReceivablesByIndustryOfCounterpartyTypeAxis,stringItemType,true
ScheduleOfAccountsNotesLoansAndFinancingReceivableTable,stringItemType,true
ScheduleOfAccountsNotesLoansAndFinancingReceivableTextBlock,textBlockItemType,false
AccountsNotesLoansAndFinancingReceivableGrossAllowanceAndNetAbstract,stringItemType,true
AccountsNotesLoansAndFinancingReceivablesByLegalEntityOfCounterpartyTypeAxis,stringItemType,true
AccountsNotesLoansAndFinancingReceivablesByBillingStatusTypeAxis,stringItemType,true
AccountsNotesLoansAndFinancingReceivableByReceivableTypeAxis,stringItemType,true
VariableIncomeInterestRateMember,domainItemType,true
SovereignDebtMember,domainItemType,true
ProceedsFromSaleAndCollectionOfLoansHeldforsaleAbstract,stringItemType,true
ProceedsFromSaleAndCollectionOfLoansHeldforsale,monetaryItemType,false
CollateralizedDebtObligationsMember,domainItemType,true
CollateralizedLoanObligationsMember,domainItemType,true
CollateralizedAutoLoansMember,domainItemType,true
SovereignDebtStateGovernmentUnspecifiedMember,domainItemType,true
SovereignDebtLocalGovernmentUnspecifiedMember,domainItemType,true
DebtDefaultShorttermDebtDescriptionOfViolationOrEventOfDefault,stringItemType,false
DebtDefaultShorttermDebtDescriptionOfNoticeOfDefault,stringItemType,false
DebtDefaultShorttermDebtAmount,monetaryItemType,false
DefaultLongtermDebtDescriptionOfViolationOrEventOfDefault,stringItemType,false
DebtDefaultLongtermDebtDescriptionOfNoticeOfDefault,stringItemType,false
DebtDefaultLongtermDebtAmount,monetaryItemType,false
DebtDefaultShorttermDebtAbstract,stringItemType,true
DebtDefaultLongtermDebtAbstract,stringItemType,true
LongTermConstructionLoanCurrent,monetaryItemType,false
LongtermConstructionLoanCurrentAndNoncurrent,monetaryItemType,false
LongtermNotesAndLoansCurrentAndNoncurrentAbstract,stringItemType,true
LongtermLoansPayableCurrentAndNoncurrentAbstract,stringItemType,true
DebtInstrumentUnamortizedDiscountPremiumNetAbstract,stringItemType,true
DebtInstrumentUnamortizedDiscountPremiumNet,monetaryItemType,false
LongtermLineOfCreditCurrentAndNoncurrentAbstract,stringItemType,true
SecuredLongtermDebtCurrentAndNoncurrentAbstract,stringItemType,true
UnsecuredLongtermDebtCurrentAndNoncurrentAbstract,stringItemType,true
LongtermConvertibleDebtCurrentAndNoncurrentAbstract,stringItemType,true
SubordinatedLongtermDebtCurrentAndNoncurrentAbstract,stringItemType,true
ConvertibleSubordinatedDebtCurrentAndNoncurrentAbstract,stringItemType,true
LongtermConstructionLoanCurrentAndNoncurrentAbstract,stringItemType,true
OtherLongtermDebtCurrentAndNoncurrentAbstract,stringItemType,true
LongtermLoansPayableToBankCurrentAndNoncurrentAbstract,stringItemType,true
OtherLongtermLoansPayableCurrentAndNoncurrentAbstract,stringItemType,true
LongtermLoansPayableByCurrentAndNoncurrentAbstract,stringItemType,true
LongtermDebtByTypeCategoryCurrentAndNoncurrentAbstract,stringItemType,true
LongtermNotesAndLoansByTypeCurrentAndNoncurrentAbstract,stringItemType,true
LongtermDebtCurrentAndNoncurrentAbstract,stringItemType,true
FederalHomeLoanBankAdvancesCurrent,monetaryItemType,false
LongtermFederalHomeLoanBankAdvancesNoncurrent,monetaryItemType,false
LongtermFederalHomeLoanBankAdvancesAbstract,stringItemType,true
CapitalizationLongtermDebtAndEquityAbstract,stringItemType,true
CapitalizationLongtermDebtAndEquity,monetaryItemType,false
LineOfCreditFacilityMaximumAmountOutstandingDuringPeriod,monetaryItemType,false
LineOfCreditFacilityMaximumMonthendOutstandingAmount,monetaryItemType,false
LineOfCreditFacilityAverageOutstandingAmount,monetaryItemType,false
ShorttermDebtMaximumAmountOutstandingDuringPeriod,monetaryItemType,false
ShorttermDebtMaximumMonthendOutstandingAmount,monetaryItemType,false
ShorttermDebtAverageOutstandingAmount,monetaryItemType,false
LongtermDebtTypeAxis,stringItemType,true
TransfersOfFinancialAssetsAccountedForAsSecuredBorrowingsAbstract,stringItemType,true
QualitativeInformationAboutRelationshipOfBetweenAssetsAndAssociatedLiabilitiesOfFinancialAssetsAccountedForAsSecuredBorrowings,stringItemType,false
ScheduleOfAssetsAndAssociatedLiabilitiesAccountedForAsSecuredBorrowingsTable,stringItemType,true
AssetsAndAssociatedLiabilitiesOfTransfersAccountedForAsSecuredBorrowingsLineItems,stringItemType,true
ScheduleOfQuantitativeInformationAboutFinancialAssetsAndAssociatedLiabilitiesAccountedForAsSecuredBorrowingsTextBlock,textBlockItemType,false
SeniorDebtObligationsMember,domainItemType,true
ScheduleOfCapitalizationLongtermDebtTable,stringItemType,true
ScheduleOfCapitalizationLongtermDebtLineItems,stringItemType,true
LongtermDebtTypeDomain,domainItemType,true
DebtInstrumentThirdPartyCreditEnhancement,stringItemType,false
DebtSecuritiesPayableMember,domainItemType,true
InterestCostsIncurredAbstract,stringItemType,true
DebtInstrumentInterestRateEffectivePercentageAbstract,stringItemType,true
DebtInstrumentInterestRateStatedPercentageAbstract,stringItemType,true
TransfersAccountedForAsSecuredBorrowingsAssetsCarryingAmount,monetaryItemType,false
TransfersAccountedForAsSecuredBorrowingsAssociatedLiabilitiesCarryingAmount,monetaryItemType,false
ProceedsFromPaymentsForDepositsAppliedToDebtRetirementsAbstract,stringItemType,true
ProceedsFromDepositsAppliedToDebtRetirements,monetaryItemType,false
PaymentsForDepositsAppliedToDebtRetirements,monetaryItemType,false
ProceedsFromCollectionOfPaymentsToFundLongtermLoansToRelatedPartiesAbstract,stringItemType,true
ProceedsFromCollectionOfLongtermLoansToRelatedParties,monetaryItemType,false
PaymentsToFundLongtermLoansToRelatedParties,monetaryItemType,false
LongtermDebtPercentageBearingFixedInterestAmount,monetaryItemType,false
LongtermDebtPercentageBearingVariableInterestAmount,monetaryItemType,false
DividendsAndInterestPaid,monetaryItemType,false
InterestExpenseDebtExcludingAmortization,monetaryItemType,false
InterestCostsIncurredCapitalizedAbstract,stringItemType,true
InterestCostsIncurredCapitalized,monetaryItemType,false
ExplanationOfInterestRevenueReportedNetOfInterestExpense,stringItemType,false
DebtInstrumentDescriptionOfVariableRateBasis,stringItemType,false
LoansReceivableDescriptionOfVariableRateBasis,stringItemType,false
LoansReceivableBasisSpreadOnVariableRate,percentItemType,false
FederalHomeLoanBankAdvances,monetaryItemType,false
InterestIncomeFederalHomeLoanBankAdvances,monetaryItemType,false
ProceedsFromFederalHomeLoanBankAdvances,monetaryItemType,false
PaymentsForFederalHomeLoanBankAdvances,monetaryItemType,false
LoansFromOtherFederalHomeLoanBanks,monetaryItemType,false
LoansToOtherFederalHomeLoanBanks,monetaryItemType,false
DepositsWithOtherFederalHomeLoanBanks,monetaryItemType,false
PaymentsForCongressionallyMandatedFederalHomeLoanBankAssessments,monetaryItemType,false
PaymentsForBondsTransferredToOtherOtherFederalHomeLoanBanks,monetaryItemType,false
ProceedsFromBondsTransferredFromOtherOtherFederalHomeLoanBanks,monetaryItemType,false
IncreaseDecreaseInLoansFromOtherFederalHomeLoanBanks,monetaryItemType,false
IncreaseDecreaseInDepositsFromOtherFederalHomeLoanBanks,monetaryItemType,false
IncreaseDecreaseInLoansToFederalHomeLoanBanks,monetaryItemType,false
IncreaseDecreaseInDepositsWithOtherFederalHomeLoanBanks,monetaryItemType,false
FederalHomeLoanBankAssessments,monetaryItemType,false
CongressionallyMandatedFederalHomeLoanBankAssessments,monetaryItemType,false
OfficeOfFinanceAssessmentsCostAssessedOnFederalHomeLoanBank,monetaryItemType,false
RegulatorExpensesCostAssessedOnFederalHomeLoanBank,monetaryItemType,false
InterestExpenseLoansFromOtherFederalHomeLoanBanks,monetaryItemType,false
InterestExpenseDepositsFromOtherFederalHomeLoanBanks,monetaryItemType,false
InterestIncomeLoansToOtherFederalHomeLoanBanks,monetaryItemType,false
InterestIncomeDepositsWithOtherFederalHomeLoanBanks,monetaryItemType,false
FederalHomeLoanBankAssessmentsAbstract,stringItemType,true
LoansReceivableBasisSpreadOnVariableRateDuringPeriod,percentItemType,false
LoansReceivableWithVariableRatesOfInterestAbstract,stringItemType,true
LoansAndLeasesReceivableImpairedInterestIncomeRecognizedChangeInPresentValueAttributableToPassageOfTime,monetaryItemType,false
ScheduleOfFinancingReceivableTroubledDebtRestructuringsTable,stringItemType,true
LiabilitiesOtherThanLongtermDebtNoncurrent,monetaryItemType,false
ProceedsFromDebtNetOfIssuanceCosts,monetaryItemType,false
PaymentsForProceedsFromPolicyLoans,monetaryItemType,false
PaymentsOfDebtExtinguishmentCosts,monetaryItemType,false
DebtInstrumentSubjectiveAccelerationClause,stringItemType,false
ProceedsFromIssuanceOfUnsecuredTaxExemptDebt,monetaryItemType,false
FinancingReceivablesImpairedTroubledDebtRestructuringWriteDown,monetaryItemType,false
LiabilitiesOtherThanLongTermDebtNoncurrentAbstract,stringItemType,true
LineOfCreditFacilityCapacityAvailableForTradePurchases,monetaryItemType,false
LineOfCreditFacilityCapacityAvailableForSpecificPurposeOtherThanForTradePurchases,monetaryItemType,false
LoanLendingCommitmentArrangementFeesMember,domainItemType,true
FairValueInvestmentsEntitiesThatCalculateNetAssetValuePerSharePercentDebtSecurities,percentItemType,false
InterestExpenseRelatedParty,monetaryItemType,false
IncomeLossFromContinuingOperationsBeforeInterestExpenseInterestIncomeIncomeTaxesExtraordinaryItemsNoncontrollingInterestsNet,monetaryItemType,false
InvestmentsInDebtAndEquityInstrumentsCashAndCashEquivalentsUnrealizedAndRealizedGainsLossesTextBlock,textBlockItemType,false
InvestmentsDebtAndEquitySecuritiesAbstract,stringItemType,true
InformationByCategoryOfDebtSecurityAxis,stringItemType,true
RepaymentsOfLongtermLoansFromVendors,monetaryItemType,false
TroubledDebtRestructuringsOnFinancingReceivablesTableTextBlock,textBlockItemType,false
TradeAndLoanReceivablesNonmortgageLoansHeldForSalePolicyPolicyTextBlock,textBlockItemType,false
RepaymentsOfDebt,monetaryItemType,false
RepaymentsOfDebtAndCapitalLeaseObligations,monetaryItemType,false
ProceedsFromIssuanceOfDebt,monetaryItemType,false
ScheduleOfMaturitiesOfLongTermDebtTableTextBlock,textBlockItemType,false
FairValueOptionLoansHeldAsAssetsAggregateDifferenceAbstract,stringItemType,true
FairValueOptionLoansHeldAsAssets90DaysOrMorePastDueAggregateDifference,monetaryItemType,false
FairValueOptionLoansHeldAsAssetsAggregateAmountInNonaccrualStatusAggregatedDifference,monetaryItemType,false
DebtDisclosureAbstract,stringItemType,true
FederalFundsPurchasedAndSecuritiesLoanedOrSoldUnderAgreementsToRepurchaseFairValueDisclosureAbstract,stringItemType,true
FederalFundsPurchasedAndSecuritiesLoanedOrSoldUnderAgreementsToRepurchaseFairValueDisclosure,monetaryItemType,false
AvailableForSaleDebtSecuritiesAmortizedCostBasis,monetaryItemType,false
ScheduleOfInterestRateDerivativesTableTextBlock,textBlockItemType,false
LongTermDebtFairValue,monetaryItemType,false
ShorttermDebtFairValue,monetaryItemType,false
DebtAndCapitalLeasesDisclosuresTextBlock,textBlockItemType,false
LineOfCreditFacilityUnusedCapacityCommitmentFeePercentage,percentItemType,false
LineOfCreditFacilityCommitmentFeePercentage,percentItemType,false
ScheduleOfDebtTableTextBlock,textBlockItemType,false
LongtermDebtWeightedAverageInterestRate,percentItemType,false
DebtWeightedAverageInterestRate,percentItemType,false
LineOfCreditFacilityCollateralFeesAmount,monetaryItemType,false
PaymentsForProceedsFromPolicyLoansAlternativeAbstract,stringItemType,true
FederalHomeLoanBanksAbstract,stringItemType,true
DebtLongtermAndShorttermCombinedAmountAbstract,stringItemType,true
DebtLongtermAndShorttermCombinedAmount,monetaryItemType,false
GainLossOnNonRecourseDebt,monetaryItemType,false
ProceedsFromRepaymentsOfDebtAlternativeAbstract,stringItemType,true
ProceedsFromDebtMaturingInMoreThanThreeMonths,monetaryItemType,false
RepaymentsOfDebtMaturingInMoreThanThreeMonths,monetaryItemType,false
ProceedsFromRepaymentsOfDebtMaturingInMoreThanThreeMonths,monetaryItemType,false
ProceedsFromRepaymentsOfDebtMaturingInMoreThanThreeMonthsAbstract,stringItemType,true
DebtConversionConvertedInstrumentAmount1,monetaryItemType,false
DebtConversionConvertedInstrumentSharesIssued1,sharesItemType,false
DebtConversionConvertedInstrumentWarrantsOrOptionsIssued1,sharesItemType,false
DebtConversionOriginalDebtAmount1,monetaryItemType,false
NoncashOrPartNoncashAcquisitionDebtAssumed1,monetaryItemType,false
UnrealizedGainLossOnInterestRateCashFlowHedgesPretaxAccumulatedOtherComprehensiveIncomeLoss,monetaryItemType,false
AdjustmentsToAdditionalPaidInCapitalEquityComponentOfConvertibleDebtSubsequentAdjustments,monetaryItemType,false
InterestPaidAbstract,stringItemType,true
InterestPaidCapitalized,monetaryItemType,false
DebtorInPossessionFinancingDateArrangementsApprovedByBankruptcyCourt,dateItemType,false
FederalHomeLoanBankAdvancesGeneralDebtObligationsDisclosureConversionDate,dateItemType,false
LineOfCreditAssumed1,monetaryItemType,false
LoansAssumed1,monetaryItemType,false
TransferOfLoansHeldForSaleToPortfolioLoans1,monetaryItemType,false
TransferOfPortfolioLoansAndLeasesToHeldForSale1,monetaryItemType,false
MortgageLoanRelatedToPropertySales1,monetaryItemType,false
ShareBasedCompensationArrangementByShareBasedPaymentAwardFairValueAssumptionsRiskFreeInterestRateMinimum,percentItemType,false
ShareBasedCompensationArrangementByShareBasedPaymentAwardFairValueAssumptionsRiskFreeInterestRateMaximum,percentItemType,false
CertainLoansAcquiredInTransferAccretableYield,monetaryItemType,false
CertainLoansAcquiredInTransferNonaccretableDifference,monetaryItemType,false
HeldtomaturitySecuritiesDebtMaturitiesDate,dateItemType,false
ProceedsFromLoanOriginations1,monetaryItemType,false
ProceedsFromLoanAndLeaseOriginationsAndPrincipalCollections1,monetaryItemType,false
DebtInstrumentCollateralFee,monetaryItemType,false
FederalHomeLoanBankAdvancesGeneralDebtObligationsDisclosuresRepaymentAndPenalties,monetaryItemType,false
ExchangeableDebtMember,domainItemType,true
HealthCareOrganizationPatientServiceRevenueProvisionforBadDebts,monetaryItemType,false
HealthCareOrganizationPatientServiceRevenueLessProvisionForBadDebts,monetaryItemType,false
HealthCareOrganizationBadDebtsPolicyPolicyTextBlock,textBlockItemType,false
DebtInstrumentSinkingFundPayment,monetaryItemType,false
DebtInstrumentCumulativeSinkingFundPayments,monetaryItemType,false
NonRecourseDebt,monetaryItemType,false
HealthCareOrganizationPatientServiceRevenueLessProvisionForBadDebtsAbstract,stringItemType,true
CertainLoansAcquiredInTransferNotAccountedForAsDebtSecuritiesAllowanceForLoanLossesDecreases1,monetaryItemType,false
CertainLoansAcquiredInTransferNotAccountedForAsDebtSecuritiesProvisionForLoanLosses1,monetaryItemType,false
LoansAndLeasesReceivableNetReportedAmountCoveredAndNotCoveredAbstract,stringItemType,true
LoansAndLeasesReceivableNetReportedAmountCoveredAndNotCovered,monetaryItemType,false
LoansAndLeasesReceivableNetReportedAmountCoveredAbstract,stringItemType,true
LoansAndLeasesReceivableGrossCarryingAmountCovered,monetaryItemType,false
LoansAndLeasesReceivableAllowanceCovered,monetaryItemType,false
LoansAndLeasesReceivableNetReportedAmountCovered,monetaryItemType,false
FederalHomeLoanBankStockAndFederalReserveBankStockAbstract,stringItemType,true
FederalHomeLoanBankStockAndFederalReserveBankStock,monetaryItemType,false
GainLossOnRepurchaseOfDebtInstrument,monetaryItemType,false
ScheduleOfCarryingValuesAndEstimatedFairValuesOfDebtInstrumentsTableTextBlock,textBlockItemType,false
DebtInstrumentRepurchaseAmount,monetaryItemType,false
DomesticLineOfCreditMember,domainItemType,true
ForeignLineOfCreditMember,domainItemType,true
RevolvingCreditFacilityMember,domainItemType,true
CreditFacilityAxis,stringItemType,true
CreditFacilityDomain,domainItemType,true
DebtInstrumentRepurchasedFaceAmount,monetaryItemType,false
DebtorReorganizationItemsInterestIncomeOnAccumulatedCash1,monetaryItemType,false
DepositLiabilitiesReclassifiedAsLoansReceivable1,monetaryItemType,false
FederalHomeLoanBankAdvancesGeneralDebtObligationsDisclosuresCollateralPledged1,monetaryItemType,false
LongTermDebtMaturitiesRepaymentsOfPrincipalRemainderOfFiscalYear,monetaryItemType,false
LongTermDebtRollingMaturityAbstract,stringItemType,true
LongTermDebtMaturitiesRepaymentsOfPrincipalInNextRollingTwelveMonths,monetaryItemType,false
LongTermDebtMaturitiesRepaymentsOfPrincipalInRollingYearTwo,monetaryItemType,false
LongTermDebtMaturitiesRepaymentsOfPrincipalInRollingYearThree,monetaryItemType,false
LongTermDebtMaturitiesRepaymentsOfPrincipalInRollingYearTwoAndThree,monetaryItemType,false
LongTermDebtMaturitiesRepaymentsOfPrincipalInRollingYearTwoAndThreeAbstract,stringItemType,true
LongTermDebtMaturitiesRepaymentsOfPrincipalInRollingYearFour,monetaryItemType,false
LongTermDebtMaturitiesRepaymentsOfPrincipalInRollingYearFive,monetaryItemType,false
LongTermDebtMaturitiesRepaymentsOfPrincipalInRollingYearFourAndFive,monetaryItemType,false
LongTermDebtMaturitiesRepaymentsOfPrincipalInRollingYearFourAndFiveAbstract,stringItemType,true
LongTermDebtMaturitiesRepaymentsOfPrincipalInRollingAfterYearFive,monetaryItemType,false
AvailableForSaleSecuritiesDebtMaturitiesRemainderOfFiscalYearAmortizedCostBasis,monetaryItemType,false
AvailableForSaleSecuritiesDebtMaturitiesNextRollingTwelveMonthsAmortizedCostBasis,monetaryItemType,false
AvailableForSaleSecuritiesDebtMaturitiesRollingYearTwoThroughFiveAmortizedCostBasis,monetaryItemType,false
AvailableForSaleSecuritiesDebtMaturitiesRollingYearSixThroughTenAmortizedCostBasis,monetaryItemType,false
AvailableForSaleSecuritiesDebtMaturitiesRollingAfterYearTenAmortizedCostBasis,monetaryItemType,false
AvailableForSaleSecuritiesDebtMaturitiesRemainderOfFiscalYearFairValue,monetaryItemType,false
AvailableForSaleSecuritiesDebtMaturitiesNextRollingTwelveMonthsFairValue,monetaryItemType,false
AvailableForSaleSecuritiesDebtMaturitiesRollingYearTwoThroughFiveFairValue,monetaryItemType,false
AvailableForSaleSecuritiesDebtMaturitiesRollingYearSixThroughTenFairValue,monetaryItemType,false
AvailableForSaleSecuritiesDebtMaturitiesRollingAfterYearTenFairValue,monetaryItemType,false
HeldToMaturitySecuritiesDebtMaturitiesRemainderOfFiscalYearFairValue,monetaryItemType,false
HeldToMaturitySecuritiesDebtMaturitiesNextRollingTwelveMonthsFairValue,monetaryItemType,false
HeldToMaturitySecuritiesDebtMaturitiesRollingYearTwoThroughFiveFairValue,monetaryItemType,false
HeldToMaturitySecuritiesDebtMaturitiesRollingYearSixThroughTenFairValue,monetaryItemType,false
HeldToMaturitySecuritiesDebtMaturitiesRollingAfterTenYearsFairValue,monetaryItemType,false
FederalHomeLoanBankAdvancesMaturitiesSummaryDueInRemainderOfFiscalYear,monetaryItemType,false
FederalHomeLoanBankAdvancesMaturitiesSummaryDueInNextRollingTwelveMonths,monetaryItemType,false
FederalHomeLoanBankAdvancesMaturitiesSummaryDueInRollingYearTwo,monetaryItemType,false
FederalHomeLoanBankAdvancesMaturitiesSummaryDueInRollingYearThree,monetaryItemType,false
FederalHomeLoanBankAdvancesMaturitiesSummaryDueInRollingYearFour,monetaryItemType,false
FederalHomeLoanBankAdvancesMaturitiesSummaryDueInRollingYearFive,monetaryItemType,false
FederalHomeLoanBankAdvancesMaturitiesSummaryDueAfterRollingYearFive,monetaryItemType,false
AvailableForSaleSecuritiesDebtMaturitiesAmortizedCostBasisRollingMaturityAbstract,stringItemType,true
AvailableForSaleSecuritiesDebtMaturitiesFairValueRollingMaturityAbstract,stringItemType,true
HeldToMaturitySecuritiesDebtMaturitiesFairValueRollingMaturityAbstract,stringItemType,true
FederalHomeLoanBankAdvancesRollingMaturityAbstract,stringItemType,true
AmortizationPeriodOfDeferredGainLossOnDiscontinuationOfInterestRateFairValueHedge1,durationItemType,false
MaximumLengthOfTimeHedgedInInterestRateCashFlowHedge1,durationItemType,false
DebtInstrumentConvertibleRemainingDiscountAmortizationPeriod1,durationItemType,false
DebtInstrumentConvertibleEarliestDate1,dateItemType,false
DebtInstrumentConvertibleLatestDate1,dateItemType,false
DebtInstrumentDateOfFirstRequiredPayment1,dateItemType,false
DebtInstrumentIssuanceDate1,dateItemType,false
DebtInstrumentMaturityDateRangeEnd1,dateItemType,false
DebtInstrumentMaturityDateRangeStart1,dateItemType,false
DebtInstrumentOfferingDate1,dateItemType,false
LineOfCreditFacilityDateOfFirstRequiredPayment1,dateItemType,false
LineOfCreditFacilityExpirationDate1,dateItemType,false
LineOfCreditFacilityInitiationDate1,dateItemType,false
CertainLoansAcquiredInTransferNotAccountedForAsDebtSecuritiesAcquiredDuringPeriodTableTextBlock,textBlockItemType,false
CertainLoansAcquiredInTransferNotAccountedForAsDebtSecuritiesAcquiredDuringPeriodTable,stringItemType,true
CertainLoansAcquiredInTransferNotAccountedForAsDebtSecuritiesAcquiredDuringPeriodLineItems,stringItemType,true
DebtInstrumentConvertibleStockPriceTrigger,perShareItemType,false
DefinedBenefitPlanEffectOfOnePercentagePointDecreaseOnServiceAndInterestCostComponents1,monetaryItemType,false
InterestCostsCapitalizedAdjustment,monetaryItemType,false
AccumulatedCapitalizedInterestCosts,monetaryItemType,false
RatioOfIndebtednessToNetCapital1,pureItemType,false
LoansNotesTradeAndOtherReceivablesExcludingAllowanceForCreditLossesTextBlock,textBlockItemType,false
ShortTermDebtInterestRateIncrease,percentItemType,false
ProceedsFromRecoveriesOfLoanPreviouslyChargedOff,monetaryItemType,false
IncreaseDecreaseInFairValueOfInterestRateFairValueHedgingInstruments1,monetaryItemType,false
NondebtorReorganizationItemsNetGainLossOnSettlementOfOtherClaims1,monetaryItemType,false
DebtorReorganizationItemsGainLossOnAssetSalesNet1,monetaryItemType,false
DebtorReorganizationItemsNetGainLossOnRejectionOfLeasesAndOtherExecutoryContracts1,monetaryItemType,false
DebtorReorganizationItemsGainLossOnSettlementOfOtherClaimsNet1,monetaryItemType,false
IncreaseDecreaseInFairValueOfHedgedItemInInterestRateFairValueHedge1,monetaryItemType,false
DebtInstrumentRepurchaseDate,dateItemType,false
DebtInstrumentConvertibleConversionRatio1,pureItemType,false
PaymentsToAcquireFederalHomeLoanBankStock,monetaryItemType,false
ProceedsFromSaleOfFederalHomeLoanBankStock,monetaryItemType,false
LineOfCreditFacilityExpirationPeriod,durationItemType,false
DebtInstrumentCollateralAmount,monetaryItemType,false
AdjustmentsToAdditionalPaidInCapitalEquityComponentOfConvertibleDebt,monetaryItemType,false
DebtInstrumentConvertibleCarryingAmountOfTheEquityComponent,monetaryItemType,false
DebtInstrumentConvertibleIfConvertedValueInExcessOfPrincipal,monetaryItemType,false
DebtInstrumentConvertibleAssociatedDerivativeTransactionsDescription,stringItemType,false
DebtInstrumentConvertibleConversionPrice1,perShareItemType,false
InterestRateContractMember,domainItemType,true
InterestExpenseMember,domainItemType,true
CrossCurrencyInterestRateContractMember,domainItemType,true
FixedIncomeInterestRateMember,domainItemType,true
LoanParticipationsAndAssignmentsMember,domainItemType,true
InvestmentOwnedFromCashCollateralReceivedFromInvestmentsOnLoanFlag,booleanItemType,false
BankLoanObligationsMember,domainItemType,true
AdjustableRateLoansMember,domainItemType,true
ForeignGovernmentShorttermDebtSecuritiesMember,domainItemType,true
SovereignDebtSecuritiesMember,domainItemType,true
USGovernmentAgenciesShorttermDebtSecuritiesMember,domainItemType,true
USTreasuryAndGovernmentShorttermDebtSecuritiesMember,domainItemType,true
InterestRateSwaptionMember,domainItemType,true
FederalHomeLoanBankCertificatesAndObligationsFHLBMember,domainItemType,true
FederalHomeLoanMortgageCorporationCertificatesAndObligationsFHLMCMember,domainItemType,true
UnitrancheDebtMember,domainItemType,true
SeniorLoansMember,domainItemType,true
SeniorSubordinatedLoansMember,domainItemType,true
JuniorLoansMember,domainItemType,true
InvestmentInterestRate,percentItemType,false
AccumulatedOtherComprehensiveIncomeLossOtherThanTemporaryImpairmentNotCreditLossNetOfTaxDebtSecuritiesAbstract,stringItemType,true
AccumulatedOtherComprehensiveIncomeLossOtherThanTemporaryImpairmentNotCreditLossNetOfTaxAvailableforsaleDebtSecurities,monetaryItemType,false
AccumulatedOtherComprehensiveIncomeLossOtherThanTemporaryImpairmentNotCreditLossNetOfTaxHeldtomaturityDebtSecurities,monetaryItemType,false
AccumulatedOtherComprehensiveIncomeLossOtherThanTemporaryImpairmentNotCreditLossNetOfTaxDebtSecurities,monetaryItemType,false
AvailableforsaleSecuritiesInUnrealizedLossPositionsQualitativeDisclosureOtherLoanToCollateralValue,percentItemType,false
OtherThanTemporaryImpairmentLossesInvestmentsAvailableforsaleSecuritiesPortionRecognizedInEarningsNetQualitativeDisclosuresLoanToCollateralValue,percentItemType,false
OtherThanTemporaryImpairmentLossesInvestmentsHeldtomaturitySecuritiesPortionRecognizedInEarningsNetQualitativeDisclosuresLoanToCollateralValue,percentItemType,false
OtherThanTemporaryImpairmentCreditLossesRecognizedInEarningsCreditLossesOnDebtSecuritiesHeld,monetaryItemType,false
HeldtomaturitySecuritiesInUnrealizedLossPositionsQualitativeDisclosureOtherLoanToCollateralValueRatio,percentItemType,false
FairValueLiabilitiesMeasuredOnRecurringBasisDebtInstrumentValuationTechniquesChangeInTechniqueQuantificationOfEffect,monetaryItemType,false
DebtInstrumentBasisSpreadOnVariableRate1,percentItemType,false
DebtInstrumentFairValueDisclosureAbstract,stringItemType,true
DeferredTaxLiabilityNotRecognizedBadDebtReserveForTaxPurposesOfQualifiedLenderAbstract,stringItemType,true
BadDebtReserveForTaxPurposesOfQualifiedLender,monetaryItemType,false
DeferredTaxLiabilityNotRecognizedDescriptionOfTemporaryDifferenceBadDebtReserveForTaxPurposesOfQualifiedLender,stringItemType,false
DeferredTaxLiabilityNotRecognizedEventsThatWouldCauseTemporaryDifferenceToBeTaxableBadDebtReserveForTaxPurposesOfQualifiedLender,stringItemType,false
DeferredTaxLiabilityNotRecognizedAmountOfUnrecognizedDeferredTaxLiabilityBadDebtReserveForTaxPurposesOfQualifiedLender,monetaryItemType,false
DeferredTaxLiabilityNotRecognizedDeterminationOfDeferredTaxLiabilityIsNotPracticableBadDebtReserveForTaxPurposesOfQualifiedLender,stringItemType,false
AllowanceForLoanAndLeaseLossesWriteoffsNetAbstract,stringItemType,true
AllowanceForLoanAndLeaseLossesWriteoffsNet,monetaryItemType,false
DebtInstrumentConvertibleThresholdPercentageOfStockPriceTrigger,percentItemType,false
DebtInstrumentConvertibleThresholdTradingDays,integerItemType,false
PublicUtilitiesRequestedDebtCapitalStructurePercentage,percentItemType,false
PublicUtilitiesApprovedDebtCapitalStructurePercentage,percentItemType,false
CertainLoansAcquiredInTransferAccountedForAsAvailableforsaleDebtSecuritiesOtherthanTemporaryImpairmentChargesCreditLoss,monetaryItemType,false
CertainLoansAcquiredInTransferAccountedForAsHeldtomaturityDebtSecuritiesOtherthanTemporaryImpairmentChargesCreditLoss,monetaryItemType,false
CertainLoansAcquiredInTransferNotAccountedForAsDebtSecuritiesAccretableYieldReclassificationsToFromNonaccretableDifferenceAbstract,stringItemType,true
CertainLoansAcquiredInTransferNotAccountedForAsDebtSecuritiesAccretableYieldReclassificationsToFromNonaccretableDifference,monetaryItemType,false
CertainLoansAcquiredInTransferAccountedForAsDebtSecuritiesOtherthanTemporaryImpairmentChargesCreditLoss,monetaryItemType,false
OffsettingSecuritiesLoanedAbstract,stringItemType,true
SecuritiesLoanedAmountOffsetAgainstCollateralAbstract,stringItemType,true
SecuritiesLoanedAbstract,stringItemType,true
SecuritiesLoanedGross,monetaryItemType,false
SecuritiesLoanedAsset,monetaryItemType,false
SecuritiesLoanedNotSubjectToMasterNettingArrangement,monetaryItemType,false
SecuritiesLoanedAmountOffsetAgainstCollateral,monetaryItemType,false
SecuritiesLoanedSetoffRightsDescription,stringItemType,false
SecuritiesLoanedMeasurementDifferenceDescription,stringItemType,false
SecuritiesLoanedFairValueOfCollateral,monetaryItemType,false
OffsettingDerivativeLiabilitySecuritiesSoldUnderAgreementsToResellSecuritiesLoanedAbstract,stringItemType,true
DerivativeLiabilitySecuritiesSoldUnderAgreementsToResellSecuritiesLoanedGross,monetaryItemType,false
DerivativeLiabilitySecuritiesSoldUnderAgreementsToResellSecuritiesLoanedAsset,monetaryItemType,false
DerivativeLiabilitySecuritiesSoldUnderAgreementsToResellSecuritiesLoanedNotSubjectToMasterNettingArrangement,monetaryItemType,false
DerivativeLiabilitySecuritiesSoldUnderAgreementsToResellSecuritiesLoaned,monetaryItemType,false
DerivativeLiabilitySecuritiesSoldUnderAgreementsToResellSecuritiesLoanedAmountOffsetAgainstCollateral,monetaryItemType,false
NetCreditLossOnLoansManagedOrSecuritizedOrAssetbackedFinancingArrangement,monetaryItemType,false
AccumulatedOtherComprehensiveIncomeLossBeforeFederalHomeLoanBankAssessments,monetaryItemType,false
NetIncomeLossAttributableToParentNetOfFederalHomeLoanBankAssessments,monetaryItemType,false
ComprehensiveIncomeLossNetOfFederalHomeLoanBankAssessmentsAttributableToParent,monetaryItemType,false
SecuritiesLoanedCollateralRightToReclaimSecurities,monetaryItemType,false
SecuritiesLoanedCollateralRightToReclaimCash,monetaryItemType,false
DerivativeLiabilitySecuritiesSoldUnderAgreementsToResellSecuritiesLoanedCollateralRightToReclaimSecurities,monetaryItemType,false
DerivativeLiabilitySecuritiesSoldUnderAgreementsToResellSecuritiesLoanedCollateralRightToReclaimCash,monetaryItemType,false
FederalHomeLoanBankAdvancesGeneralDebtObligationsDisclosuresInterestRateType,interestRateItemType,false
FederalHomeLoanBankAdvancesBranchOfFHLBBankInterestRateType,interestRateItemType,false
DebtInstrumentRedemptionDescription,stringItemType,false
DebtInstrumentRedemptionPricePercentage,percentItemType,false
DebtInstrumentRedemptionPeriodAxis,stringItemType,true
DebtInstrumentRedemptionPeriodDomain,domainItemType,true
DebtInstrumentRedemptionPeriodOneMember,domainItemType,true
DebtInstrumentRedemptionPeriodTwoMember,domainItemType,true
DebtInstrumentRedemptionPeriodThreeMember,domainItemType,true
DebtInstrumentRedemptionPeriodFourMember,domainItemType,true
DebtInstrumentRedemptionPeriodFiveMember,domainItemType,true
TradingSecuritiesDebtAmortizedCost,monetaryItemType,false
MortgageLoansOnRealEstateRenewedAndExtendedAmount1,monetaryItemType,false
MortgageLoansOnRealEstateWritedownOrReserveAmount1,monetaryItemType,false
ConvertibleDebtTableTextBlock,textBlockItemType,false
AssetsDesignatedToClosedBlockTradingSecuritiesDebt,monetaryItemType,false
FederalHomeLoanBankConsolidatedObligationsAbstract,stringItemType,true
FederalHomeLoanBankConsolidatedObligationsBonds,monetaryItemType,false
FederalHomeLoanBankConsolidatedObligationsDiscountNotes,monetaryItemType,false
FederalHomeLoanBankConsolidatedObligations,monetaryItemType,false
AvailableForSaleDebtSecuritiesGrossUnrealizedGain,monetaryItemType,false
AvailableForSaleDebtSecuritiesGrossUnrealizedLoss,monetaryItemType,false
LoansReceivableWithFixedRatesOfInterest1,monetaryItemType,false
LoansReceivableWithVariableRatesOfInterest1,monetaryItemType,false
DebtInstrumentInterestRateIncreaseDecrease,percentItemType,false
InterestIncomeAndInterestExpenseDisclosureTableTextBlock,textBlockItemType,false
DebtInstrumentRedemptionTableTextBlock,textBlockItemType,false
DebtInstrumentRedemptionTable,stringItemType,true
DebtInstrumentRedemptionLineItems,stringItemType,true
InterestIncomeSecuritiesCorporateDebtOperating,monetaryItemType,false
DebtInstrumentRedemptionPeriodStartDate,dateItemType,false
DebtInstrumentRedemptionPeriodEndDate,dateItemType,false
HeldToMaturitySecuritiesDebtMaturitiesSingleMaturityDateAmortizedCostBasisAbstract,stringItemType,true
HeldToMaturitySecuritiesDebtMaturitiesSingleMaturityDateAmortizedCostBasis,monetaryItemType,false
HeldToMaturitySecuritiesDebtMaturitiesSingleMaturityDateFairValue,monetaryItemType,false
HeldToMaturitySecuritiesDebtMaturitiesSingleMaturityDateFairValueRollingMaturityAbstract,stringItemType,true
AvailableForSaleSecuritiesDebtMaturitiesSingleMaturityDate,monetaryItemType,false
AvailableForSaleSecuritiesDebtMaturitiesSingleMaturityDateRollingMaturityAbstract,stringItemType,true
AvailableForSaleSecuritiesDebtMaturitiesSingleMaturityDateAbstract,stringItemType,true
AvailableForSaleSecuritiesDebtMaturitiesSingleMaturityDateAmortizedCostBasis,monetaryItemType,false
AvailableForSaleSecuritiesDebtMaturitiesSingleMaturityDateAmortizedCostBasisRollingMaturityAbstract,stringItemType,true
AvailableForSaleSecuritiesDebtMaturitiesSingleMaturityDateAmortizedCostBasisAbstract,stringItemType,true
DebtInstrumentTerm,durationItemType,false
DebtInstrumentRedemptionPricePercentageOfPrincipalAmountRedeemed,percentItemType,false
MaturitiesOfLongtermDebtAndCapitalLeaseObligationsAbstract,stringItemType,true
LongTermDebtAndCapitalLeaseObligationsMaturitiesRepaymentsOfPrincipalInYearTwo,monetaryItemType,false
LongTermDebtAndCapitalLeaseObligationsMaturitiesRepaymentsOfPrincipalInYearThree,monetaryItemType,false
LongTermDebtAndCapitalLeaseObligationsMaturitiesRepaymentsOfPrincipalInYearFour,monetaryItemType,false
LongTermDebtAndCapitalLeaseObligationsMaturitiesRepaymentsOfPrincipalAfterYearFive,monetaryItemType,false
LongtermDebtAndCapitalLeaseObligationsMaturitiesRepaymentsOfPrincipalInYearsFourAndFive,monetaryItemType,false
LongTermDebtAndCapitalLeaseObligationsMaturitiesRepaymentsOfPrincipalRemainderOfFiscalYear,monetaryItemType,false
LineOfCreditFacilityDecreaseForgiveness1,monetaryItemType,false
BusinessCombinationRecognizedIdentifiableAssetsAcquiredAndLiabilitiesAssumedCurrentLiabilitiesLongTermDebt,monetaryItemType,false
BusinessCombinationRecognizedIdentifiableAssetsAcquiredAndLiabilitiesAssumedNoncurrentLiabilitiesLongTermDebt,monetaryItemType,false
LongTermDebtAndCapitalLeaseObligationsMaturitiesRepaymentsOfPrincipalInYearFive,monetaryItemType,false
DebtInstrumentPeriodicPaymentTermsBalloonPaymentToBePaid,monetaryItemType,false
DebtInstrumentIncreaseDecreaseNetAbstract,stringItemType,true
LineOfCreditFacilityIncreaseDecreaseNetAbstract,stringItemType,true
HeldToMaturitySecuritiesDebtMaturitiesSingleMaturityDateFairValueAbstract,stringItemType,true
LongTermDebtAndCapitalLeaseObligationsRepaymentsOfPrincipalInNextTwelveMonths,monetaryItemType,false
LongTermDebtAndCapitalLeaseObligationsMaturitiesRepaymentsOfPrincipalInYearsTwoAndThreeAbstract,stringItemType,true
LongTermDebtAndCapitalLeaseObligationsMaturitiesRepaymentsOfPrincipalInYearsFourAndFiveAbstract,stringItemType,true
LongTermDebtAndCapitalLeaseObligationsMaturitiesRepaymentsOfPrincipalInYearsTwoAndThree,monetaryItemType,false
AllowanceForLoanAndLeaseLossRecoveryOfBadDebts,monetaryItemType,false
SecuritiesLoanedGrossIncludingNotSubjectToMasterNettingArrangement,monetaryItemType,false
SecuritiesLoanedNotSubjectToMasterNettingArrangementDeduction,monetaryItemType,false
DerivativeLiabilitySecuritiesSoldUnderAgreementsToResellSecuritiesLoanedGrossIncludingNotSubjectToMasterNettingArrangement,monetaryItemType,false
DerivativeLiabilitySecuritiesSoldUnderAgreementsToResellSecuritiesLoanedNotSubjectToMasterNettingArrangementDeduction,monetaryItemType,false
SecuritiesLoanedGrossIncludingNotSubjectToMasterNettingArrangementAbstract,stringItemType,true
DerivativeLiabilitySecuritiesSoldUnderAgreementsToResellSecuritiesLoanedAmountOffsetAgainstCollateralAbstract,stringItemType,true
DerivativeLiabilitySecuritiesSoldUnderAgreementsToResellSecuritiesLoanedAbstract,stringItemType,true
DerivativeLiabilitySecuritiesSoldUnderAgreementsToResellSecuritiesLoanedGrossIncludingNotSubjectToMasterNettingArrangementAbstract,stringItemType,true
LongTermDebtAndCapitalLeaseObligationsIncludingCurrentMaturities,monetaryItemType,false
AvailableForSaleDebtSecuritiesAccumulatedGrossUnrealizedLossBeforeTax,monetaryItemType,false
AvailableForSaleDebtSecuritiesAccumulatedGrossUnrealizedGainBeforeTax,monetaryItemType,false
FederalHomeLoanBankAdvancesTextBlock,textBlockItemType,false
FederalHomeLoanBankAdvancesTableTextBlock,textBlockItemType,false
FederalHomeLoanBankAdvancesTable,stringItemType,true
FederalHomeLoanBankAdvancesOptionAxis,stringItemType,true
FederalHomeLoanBankAdvancesOptionDomain,domainItemType,true
FederalHomeLoanBankAdvancesCallableOptionMember,domainItemType,true
FederalHomeLoanBankAdvancesPutableOptionMember,domainItemType,true
FederalHomeLoanBankAdvancesLineItems,stringItemType,true
FederalHomeLoanBankAdvancesMaturityPeriodFixedRate,durationItemType,false
FederalHomeLoanBankAdvancesMaturityPeriodVariableRate,durationItemType,false
FederalHomeLoanBankAdvancesInterestRate,percentItemType,false
FederalHomeLoanBankAdvancesInterestRateOnAffordableHousingProgramSubsidizedLoans,percentItemType,false
FederalHomeLoanBankAdvancesParValue,monetaryItemType,false
FederalHomeLoanBankAdvancesOutstandingGreaterThanOneBillionDollarsPerBorrowerAmount,monetaryItemType,false
FederalHomeLoanBankAdvancesOutstandingGreaterThanOneBillionDollarsPerBorrowerPercent,percentItemType,false
FederalHomeLoanBankAdvancesMaturityRollingYearAbstract,stringItemType,true
FederalHomeLoanBankAdvancesMaturityRollingYearParValueAbstract,stringItemType,true
FederalHomeLoanBankAdvancesMaturitiesSummaryInNextRollingTwelveMonths,monetaryItemType,false
FederalHomeLoanBankAdvancesMaturitiesSummaryInRollingYearTwo,monetaryItemType,false
FederalHomeLoanBankAdvancesMaturitiesSummaryInRollingYearThree,monetaryItemType,false
FederalHomeLoanBankAdvancesMaturitiesSummaryInRollingYearFour,monetaryItemType,false
FederalHomeLoanBankAdvancesMaturitiesSummaryInRollingYearFive,monetaryItemType,false
FederalHomeLoanBankAdvancesMaturitiesSummaryAfterRollingYearFive,monetaryItemType,false
FederalHomeLoanBankAdvancesIndexAmortizing,monetaryItemType,false
FederalHomeLoanBankAdvancesCommitmentFees,monetaryItemType,false
FederalHomeLoanBankAdvancesDiscountOnAffordableHousingProgram,monetaryItemType,false
FederalHomeLoanBankAdvancesPremium,monetaryItemType,false
FederalHomeLoanBankAdvancesDiscount,monetaryItemType,false
FederalHomeLoanBankAdvancesValuationAdjustmentsForHedgingActivities,monetaryItemType,false
FederalHomeLoanBankAdvancesValuationAdjustmentsUnderFairValueOption,monetaryItemType,false
FederalHomeLoanBankAdvancesWeightedAverageInterestRateAbstract,stringItemType,true
WeightedAverageInterestRateOnOverdrawnDemandDeposit,percentItemType,false
FederalHomeLoanBankAdvancesWeightedAverageInterestRateRollingYearAbstract,stringItemType,true
FederalHomeLoanBankAdvancesWeightedAverageInterestRateMaturingInNextTwelveRollingMonths,percentItemType,false
FederalHomeLoanBankAdvancesWeightedAverageInterestRateMaturingInRollingYearTwo,percentItemType,false
FederalHomeLoanBankAdvancesWeightedAverageInterestRateMaturingInRollingYearFour,percentItemType,false
FederalHomeLoanBankAdvancesWeightedAverageInterestRateMaturingInRollingYearFive,percentItemType,false
FederalHomeLoanBankAdvancesWeightedAverageInterestRateMaturingAfterRollingYearFive,percentItemType,false
FederalHomeLoanBankAdvancesWeightedAverageInterestRate,percentItemType,false
FederalHomeLoanBankAdvancesEarlierOfContractualMaturityOrNextCallDateRollingYearParValueAbstract,stringItemType,true
FederalHomeLoanBankAdvancesEarlierOfContractualMaturityOrNextCallDateInRollingYearTwo,monetaryItemType,false
FederalHomeLoanBankAdvancesEarlierOfContractualMaturityOrNextCallDateInRollingYearThree,monetaryItemType,false
FederalHomeLoanBankAdvancesEarlierOfContractualMaturityOrNextCallDateInRollingYearFour,monetaryItemType,false
FederalHomeLoanBankAdvancesEarlierOfContractualMaturityOrNextCallDateInRollingYearFive,monetaryItemType,false
FederalHomeLoanBankAdvancesEarlierOfContractualMaturityOrNextCallDateAfterRollingYearFive,monetaryItemType,false
FederalHomeLoanBankAdvancesEarlierOfContractualMaturityOrNextPutOrConvertDateRollingYearParValueAbstract,stringItemType,true
FederalHomeLoanBankAdvancesEarlierOfContractualMaturityOrNextPutOrConvertDateInRollingYearFour,monetaryItemType,false
FederalHomeLoanBankAdvancesEarlierOfContractualMaturityOrNextPutOrConvertDateInRollingYearFive,monetaryItemType,false
FederalHomeLoanBankAdvancesEarlierOfContractualMaturityOrNextPutOrConvertDateAfterRollingYearFive,monetaryItemType,false
FederalHomeLoanBankAdvancesByInterestRateTypeAbstract,stringItemType,true
FederalHomeLoanBankAdvancesFixedRateAbstract,stringItemType,true
FederalHomeLoanBankAdvancesFixedRateUnderOneYear,monetaryItemType,false
FederalHomeLoanBankAdvancesFixedRateAfterOneYear,monetaryItemType,false
FederalHomeLoanBankAdvancesFixedRate,monetaryItemType,false
FederalHomeLoanBankAdvancesFloatingRateAbstract,stringItemType,true
FederalHomeLoanBankAdvancesFloatingRateUnderOneYear,monetaryItemType,false
FederalHomeLoanBankAdvancesFloatingRateAfterOneYear,monetaryItemType,false
FederalHomeLoanBankAdvancesFloatingRate,monetaryItemType,false
FederalHomeLoanBankAdvancesAffordableHousingProgramPrincipalOutstanding,monetaryItemType,false
FederalHomeLoanBankAdvancesConvertibleOptionMember,domainItemType,true
LongTermDebtAndCapitalLeaseObligationsIncludingCurrentMaturitiesAbstract,stringItemType,true
FederalHomeLoanBankAdvancesWeightedAverageInterestRateMaturingInRollingYearThree,percentItemType,false
FederalHomeLoanBankAdvancesEarlierOfContractualMaturityOrNextCallDateInNextRollingTwelveMonths,monetaryItemType,false
FederalHomeLoanBankAdvancesWeightedAverageInterestRateIndexAmortizing,percentItemType,false
FederalHomeLoanBankAdvancesOutstandingGreaterThanOneBillionDollarsPerBorrowerNumberOfBorrowers,integerItemType,false
FederalHomeLoanBankAdvancesEarlierOfContractualMaturityOrNextPutOrConvertDateInRollingYearTwo,monetaryItemType,false
FederalHomeLoanBankAdvancesEarlierOfContractualMaturityOrNextPutOrConvertDateInRollingYearThree,monetaryItemType,false
FederalHomeLoanBankRiskBasedCapitalRequired,monetaryItemType,false
FederalHomeLoanBankRegulatoryCapitalRequired,monetaryItemType,false
FederalHomeLoanBankLeverageCapitalRequired,monetaryItemType,false
FederalHomeLoanBankRiskBasedCapitalActual,monetaryItemType,false
FederalHomeLoanBankRegulatoryCapitalRatioActual,percentItemType,false
FederalHomeLoanBankRegulatoryCapitalActual,monetaryItemType,false
FederalHomeLoanBankLeverageCapitalActual,monetaryItemType,false
SecuritiesLoanedNotOffsetPolicyElectionDeduction,monetaryItemType,false
DerivativeLiabilitySecuritiesSoldUnderAgreementsToResellSecuritiesLoanedNotOffsetPolicyElectionDeduction,monetaryItemType,false
SecuritiesLoanedOffsetAgainstCollateralNetOfNotSubjectToMasterNettingArrangementPolicyElection,monetaryItemType,false
DerivativeLiabilitySecuritiesSoldUnderAgreementsToResellSecuritiesLoanedOffsetAgainstCollateralNetOfNotSubjectToMasterNettingArrangementPolicyElection,monetaryItemType,false
SecuritiesLoanedOffsetAgainstCollateralNetOfNotSubjectToMasterNettingArrangementPolicyElectionAbstract,stringItemType,true
DerivativeLiabilitySecuritiesSoldUnderAgreementsToResellSecuritiesLoanedOffsetAgainstCollateralNetOfNotSubjectToMasterNettingArrangementPolicyElectionAbstract,stringItemType,true
FederalHomeLoanBankAdvancesEarlierOfContractualMaturityOrNextPutOrConvertDateInNextRollingTwelveMonths,monetaryItemType,false
DebtInstrumentPeriodicPaymentAbstract,stringItemType,true
MortgageLoansInProcessOfForeclosureAmount,monetaryItemType,false
LoansReceivableHeldForSaleNetNotPartOfDisposalGroup,monetaryItemType,false
TradeAndLoansReceivablesHeldForSaleNetNotPartOfDisposalGroup,monetaryItemType,false
LoanRestructuringModificationNameAxis,stringItemType,true
LoanRestructuringModificationNameDomain,domainItemType,true
InterestRateBelowMarketReductionMember,domainItemType,true
ContractualInterestRateReductionMember,domainItemType,true
LoanRestructuringModificationAxis,stringItemType,true
LoanRestructuringModificationDomain,domainItemType,true
LoanRestructuringTrialModificationsAmount,monetaryItemType,false
LoanToValueAxis,stringItemType,true
LoanToValueDomain,domainItemType,true
HomeEquityLoanMember,domainItemType,true
StudentLoanMember,domainItemType,true
RealEstateLoanMember,domainItemType,true
UnfundedLoanCommitmentMember,domainItemType,true
SecuritiesLoanedMember,domainItemType,true
TransferOfCertainFinancialAssetsAccountedForAsSecuredBorrowingsTableTextBlock,textBlockItemType,false
TransferOfCertainFinancialAssetsAccountedForAsSecuredBorrowingsTable,stringItemType,true
TransferOfCertainFinancialAssetsAccountedForAsSecuredBorrowingsLineItems,stringItemType,true
SecuredBorrowingsGrossIncludingNotSubjectToMasterNettingArrangementAbstract,stringItemType,true
SecuredBorrowingsGrossIncludingNotSubjectToMasterNettingArrangement,monetaryItemType,false
SecuredBorrowingsGrossIncludingNotSubjectToMasterNettingArrangementReconciliationAbstract,stringItemType,true
SecuritiesLoanedAndSecuritiesSoldUnderAgreementToRepurchaseGrossIncludingNotSubjectToMasterNettingArrangement,monetaryItemType,false
SecuredBorrowingsGrossDifferenceAmount,monetaryItemType,false
SecuritiesLoanedIncludingNotSubjectToMasterNettingArrangementAndAssetsOtherThanSecuritiesTransferred,monetaryItemType,false
RepurchaseAgreementsSecuritiesLendingTransactionsAndRepurchaseToMaturityTransactionsAccountedForAsSecuredBorrowingsDescriptionOfPotentialRisks,stringItemType,false
GovernmentGuaranteedMortgageLoansUponForeclosureReceivableMember,domainItemType,true
SecuritiesLoanedAndSecuritiesSoldUnderAgreementToRepurchaseGrossIncludingNotSubjectToMasterNettingArrangementAbstract,stringItemType,true
AverageCollectedCashBalancesWithCommercialBanksFederalHomeLoanBank,monetaryItemType,false
CashPassThroughReserveFederalHomeLoanBank,monetaryItemType,false
EntityLoanModificationProgramMember,domainItemType,true
LoansInsuredOrGuaranteedByGovernmentAuthoritiesAxis,stringItemType,true
LoansInsuredOrGuaranteedByGovernmentAuthoritiesDomain,domainItemType,true
CertainLoansAcquiredInTransferAccountedForAsDebtSecuritiesAccretableYieldMovementScheduleTable,stringItemType,true
CertainLoansAcquiredInTransferAccountedForAsDebtSecuritiesNotAccountedForUsingIncomeRecognitionModelTable,stringItemType,true
HeldtomaturitySecuritiesDebtMaturitiesAmortizedCostRollingMaturityAbstract,stringItemType,true
HeldtomaturitySecuritiesDebtMaturitiesSingleMaturityDateAmortizedCostRollingMaturityAbstract,stringItemType,true
HeldtomaturitySecuritiesDebtMaturitiesNextRollingTwelveMonthsAmortizedCost,monetaryItemType,false
HeldtomaturitySecuritiesDebtMaturitiesRollingYearTwoThroughFiveAmortizedCost,monetaryItemType,false
HeldtomaturitySecuritiesDebtMaturitiesRollingYearSixThroughTenAmortizedCost,monetaryItemType,false
HeldtomaturitySecuritiesDebtMaturitiesRollingAfterTenYearsAmortizedCost,monetaryItemType,false
CertainLoansAcquiredInTransferAccountedForAsDebtSecuritiesNotAccountedForUsingIncomeRecognitionModelLineItems,stringItemType,true
CertainLoansAcquiredInTransferAccountedForAsDebtSecuritiesAccretableYieldMovementScheduleLineItems,stringItemType,true
LoansInsuredOrGuaranteedByUsGovernmentAuthoritiesMember,domainItemType,true
LoansInsuredOrGuaranteedByNonUsGovernmentAuthoritiesMember,domainItemType,true
GovernmentNationalMortgageAssociationGnmaInsuredLoansMember,domainItemType,true
FederalNationalMortgageAssociationFnmaInsuredLoansMember,domainItemType,true
FederalHomeLoanMortgageCorporationFhlmcInsuredLoansMember,domainItemType,true
FederalFamilyEducationLoanProgramFfelpGuaranteedLoansMember,domainItemType,true
UsGovernmentAgencyInsuredLoansMember,domainItemType,true
UsGovernmentInsuredLoanProgramMember,domainItemType,true
UsGovernmentSponsoredEnterpriseInsuredLoansMember,domainItemType,true
DebtInstrumentUnamortizedDiscountPremiumAndDebtIssuanceCostsNet,monetaryItemType,false
DebtInstrumentUnamortizedDiscountPremiumAndDebtIssuanceCostsNetAbstract,stringItemType,true
LongtermDebtAndCapitalLeaseObligationsNetAlternativeAbstract,stringItemType,true
DebtInstrumentUnamortizedDiscountCurrent,monetaryItemType,false
DebtInstrumentUnamortizedDiscountNoncurrent,monetaryItemType,false
DebtInstrumentUnamortizedDiscountAbstract,stringItemType,true
DebtInstrumentUnamortizedPremiumAbstract,stringItemType,true
DebtInstrumentUnamortizedPremiumCurrent,monetaryItemType,false
DebtInstrumentUnamortizedPremiumNoncurrent,monetaryItemType,false
DebtIssuanceCostsNetAlternativeAbstract,stringItemType,true
DebtIssuanceCostsLineOfCreditArrangementsNet,monetaryItemType,false
DebtIssuanceCostsLineOfCreditArrangementsGross,monetaryItemType,false
AccumulatedAmortizationOfDebtIssuanceCostsLineOfCreditArrangements,monetaryItemType,false
DebtIssuanceCostsLineOfCreditArrangementsNetAbstract,stringItemType,true
RetailLandSalesReceivablesStatedInterestRate,percentItemType,false
GainsLossesOnExtinguishmentOfDebtBeforeWriteOffOfDeferredDebtIssuanceCost,monetaryItemType,false
TimesharingTransactionsStatedInterestRateForNotesReceivable,percentItemType,false
LiabilityForPolicyholderContractDepositsInterestRate,percentItemType,false
LiabilityForFuturePolicyBenefitsInterestRate,percentItemType,false
LoansAndLeasesReceivableRelatedPartiesProceeds,monetaryItemType,false
RealEstateInventoryCapitalizedInterestCostsCostOfSales1,monetaryItemType,false
LoansAndLeasesReceivableBeforeFeesGross,monetaryItemType,false
LoansAndLeasesReceivableDisclosureTable,stringItemType,true
LoansAndLeasesReceivableDisclosureLineItems,stringItemType,true
LoansAndLeasesReceivableBeforeFeesGrossAbstract,stringItemType,true
FederalHomeLoanBankLeverageRatioActual1,percentItemType,false
DebtInstrumentConvertibleThresholdConsecutiveTradingDays1,integerItemType,false
ShortTermDebtWeightedAverageInterestRateOverTime,percentItemType,false
LongTermDebtWeightedAverageInterestRateOverTime,percentItemType,false
FinanceLeaseInterestExpense,monetaryItemType,false
DefinedBenefitPlanNetPeriodicBenefitCostCreditInterestCostStatementOfIncomeOrComprehensiveIncomeExtensibleList,enumerationSetItemType,false
SecuritiesLoanedCounterpartyNameExtensibleList,enumerationSetItemType,false
MeasurementInputRiskFreeInterestRateMember,domainItemType,true
DebtInstrumentMeasurementInput,decimalItemType,false
LoansHeldForSaleMeasurementInput,decimalItemType,false
DebtInstrumentChangeInValuationTechnique,booleanItemType,false
DebtInstrumentChangeInValuationTechniqueReasonExtensibleList,enumerationSetItemType,false
DebtInstrumentMeasurementInputExtensibleList,enumerationSetItemType,false
DebtInstrumentValuationTechniqueExtensibleList,enumerationSetItemType,false
LoansHeldForSaleChangeInValuationTechnique,booleanItemType,false
LoansHeldForSaleChangeInValuationTechniqueReasonExtensibleList,enumerationSetItemType,false
LoansHeldForSaleMeasurementInputExtensibleList,enumerationSetItemType,false
LoansHeldForSaleValuationTechniqueExtensibleList,enumerationSetItemType,false
DebtConversionConvertedInstrumentExpirationOrDueDateYear,gYearListItemType,false
DebtConversionConvertedInstrumentIssuanceDateYear,gYearListItemType,false
DebtConversionOriginalDebtDueDateOfDebtYear,gYearListItemType,false
DebtConversionOriginalDebtIssuanceDateOfDebtYear,gYearListItemType,false
FederalHomeLoanBankAdvancesGeneralDebtObligationsDisclosuresDueDate,gYearListItemType,false
FederalHomeLoanBankAdvancesGeneralDebtObligationsDisclosuresDueDateEarliest,gYearListItemType,false
FederalHomeLoanBankAdvancesGeneralDebtObligationsDisclosuresDueDateLast,gYearListItemType,false
FederalHomeLoanBankAdvancesBranchOfFHLBBankDueDate,gYearListItemType,false
FederalHomeLoanBankAdvancesBranchOfFHLBBankDueDateEarliest,gYearListItemType,false
FederalHomeLoanBankAdvancesBranchOfFHLBBankDueDateLast,gYearListItemType,false
DebtInstrumentConvertibleConversionPriceDecrease,perShareItemType,false
DebtInstrumentConvertibleConversionPriceIncrease,perShareItemType,false
DebtSecuritiesFairValueByFairValueHierarchyLevelExtensibleList,enumerationSetItemType,false
DebtAndEquitySecuritiesFairValueByFairValueHierarchyLevelExtensibleList,enumerationSetItemType,false
DebtInstrumentFairValueByFairValueHierarchyLevelExtensibleList,enumerationSetItemType,false
ConvertibleDebtFairValueByFairValueHierarchyLevelExtensibleList,enumerationSetItemType,false
DebtSecuritiesMaturityAllocationAverageRemainingLifeMember,domainItemType,true
DebtSecuritiesMaturityAllocationExpectedMaturityMember,domainItemType,true
DebtSecuritiesMaturityAllocationContractualMaturityMember,domainItemType,true
DebtSecuritiesAvailableForSaleTableTextBlock,textBlockItemType,false
DebtSecuritiesHeldToMaturityMaturityAllocationExtensibleList,enumerationSetItemType,false
DebtSecuritiesAvailableForSaleCostOfSecuritySoldMethodExtensibleList,enumerationSetItemType,false
DebtSecuritiesAvailableForSaleMaturityAllocationExtensibleList,enumerationSetItemType,false
DebtSecuritiesAvailableForSaleGainLossAbstract,stringItemType,true
DebtSecuritiesUnrealizedGainLossAbstract,stringItemType,true
DebtSecuritiesRealizedGainLossAbstract,stringItemType,true
DebtSecuritiesUnrealizedGainLossExcludingOtherThanTemporaryImpairmentAbstract,stringItemType,true
DebtSecuritiesRealizedGainLossExcludingOtherThanTemporaryImpairmentAbstract,stringItemType,true
DebtAndEquitySecuritiesGainLossAlternativeAbstract,stringItemType,true
DebtAndEquitySecuritiesUnrealizedGainLossAbstract,stringItemType,true
DebtSecuritiesAvailableForSaleCostOfSecuritySoldMethodAbstract,stringItemType,true
IncreaseDecreaseInDebtSecuritiesTrading,monetaryItemType,false
DebtSecuritiesTradingUnrealizedGainLoss,monetaryItemType,false
DebtSecuritiesTradingUnrealizedGain,monetaryItemType,false
DebtSecuritiesTradingRealizedGain,monetaryItemType,false
DebtSecuritiesTradingRealizedGainLoss,monetaryItemType,false
DebtSecuritiesTradingGainLoss,monetaryItemType,false
DebtSecuritiesUnrealizedGainLoss,monetaryItemType,false
DebtSecuritiesRealizedGainLoss,monetaryItemType,false
DebtSecuritiesGainLoss,monetaryItemType,false
DebtSecuritiesAvailableForSaleRealizedGain,monetaryItemType,false
DebtSecuritiesUnrealizedGainLossExcludingOtherThanTemporaryImpairment,monetaryItemType,false
DebtAndEquitySecuritiesGainLossExcludingOtherThanTemporaryImpairmentLoss,monetaryItemType,false
DebtAndEquitySecuritiesGainLoss,monetaryItemType,false
DebtSecuritiesHeldToMaturitySoldDerivativeHedgeGainLoss,monetaryItemType,false
DebtSecuritiesTradingUnrealizedLoss,monetaryItemType,false
DebtSecuritiesTradingRealizedLoss,monetaryItemType,false
OtherThanTemporaryImpairmentLossDebtSecuritiesAvailableForSaleRecognizedInEarnings,monetaryItemType,false
OtherThanTemporaryImpairmentLossDebtSecuritiesAvailableForSale,monetaryItemType,false
OtherThanTemporaryImpairmentLossDebtSecuritiesPortionRecognizedInEarnings,monetaryItemType,false
DebtSecuritiesAvailableForSaleAndHeldToMaturity,monetaryItemType,false
DebtSecurities,monetaryItemType,false
DebtSecuritiesAvailableForSaleContinuousUnrealizedLossPositionLessThan12MonthsAccumulatedLoss,monetaryItemType,false
DebtSecuritiesAvailableForSaleContinuousUnrealizedLossPosition12MonthsOrLongerAccumulatedLoss,monetaryItemType,false
DebtSecuritiesTradingRestricted,monetaryItemType,false
DebtSecuritiesMaturityAllocationDomain,domainItemType,true
DebtSecuritiesAvailableForSaleRealizedLoss,monetaryItemType,false
DebtSecuritiesAvailableForSaleRealizedGainLoss,monetaryItemType,false
DebtSecuritiesAvailableForSaleRealizedGainLossExcludingOtherThanTemporaryImpairment,monetaryItemType,false
DebtSecuritiesAvailableForSaleRealizedLossExcludingOtherThanTemporaryImpairment,monetaryItemType,false
DebtSecuritiesAvailableForSaleGainLoss,monetaryItemType,false
DefinedBenefitPlanDebtSecurityMember,domainItemType,true
DebtSecuritiesTradingRestrictedAbstract,stringItemType,true
DebtSecuritiesTradingRestrictionTypeExtensibleList,enumerationSetItemType,false
DebtSecuritiesAvailableForSaleAccumulatedGrossUnrealizedGainLossBeforeTax,monetaryItemType,false
InterestIncomeDebtSecuritiesTradingOperating,monetaryItemType,false
InterestIncomeDebtSecuritiesAvailableForSaleOperating,monetaryItemType,false
InterestIncomeDebtSecuritiesOperating,monetaryItemType,false
DebtAndEquitySecuritiesGainLossAbstract,stringItemType,true
DebtAndEquitySecuritiesUnrealizedGainLoss,monetaryItemType,false
DebtAndEquitySecuritiesRealizedGainLossAbstract,stringItemType,true
DebtAndEquitySecuritiesRealizedGainLoss,monetaryItemType,false
DebtSecuritiesGainLossAlternativeAbstract,stringItemType,true
DebtAndEquitySecuritiesGainLossExcludingImpairmentLossAbstract,stringItemType,true
DebtSecuritiesCurrentAbstract,stringItemType,true
DebtSecuritiesCurrent,monetaryItemType,false
DebtSecuritiesNoncurrentAbstract,stringItemType,true
DebtSecuritiesNoncurrent,monetaryItemType,false
DebtSecuritiesAbstract,stringItemType,true
InterestIncomeDebtSecuritiesOperatingAbstract,stringItemType,true
DebtSecuritiesAvailableForSaleMeasurementInput,decimalItemType,false
DebtSecuritiesTradingMeasurementInput,decimalItemType,false
DebtSecuritiesAvailableForSaleValuationTechniqueExtensibleList,enumerationSetItemType,false
DebtSecuritiesAvailableForSaleMeasurementInputExtensibleList,enumerationSetItemType,false
DebtSecuritiesTradingValuationTechniqueExtensibleList,enumerationSetItemType,false
DebtSecuritiesTradingMeasurementInputExtensibleList,enumerationSetItemType,false
DebtSecuritiesAvailableForSaleChangeInValuationTechnique,booleanItemType,false
DebtSecuritiesAvailableForSaleChangeInValuationTechniqueReasonExtensibleList,enumerationSetItemType,false
DebtSecuritiesTradingChangeInValuationTechnique,booleanItemType,false
DebtSecuritiesTradingChangeInValuationTechniqueReasonExtensibleList,enumerationSetItemType,false
DebtSecuritiesHeldToMaturityRestrictedExtensibleList,enumerationSetItemType,false
DebtSecuritiesTradingFairValueByFairValueHierarchyLevelExtensibleList,enumerationSetItemType,false
LongTermDebtMeasurementInputExtensibleList,enumerationSetItemType,false
LongTermDebtValuationTechniqueExtensibleList,enumerationSetItemType,false
LongTermDebtChangeInValuationTechniqueReasonExtensibleList,enumerationSetItemType,false
DebtInstrumentTypeExtensibleList,enumerationSetItemType,false
LoansHeldForSaleTypeExtensibleList,enumerationSetItemType,false
DebtSecuritiesHeldToMaturityRollingMaturityWeightedAverageYieldAbstract,stringItemType,true
DebtSecuritiesHeldToMaturityMaturityRollingWithinOneYearWeightedAverageYield,percentItemType,false
DebtSecuritiesHeldToMaturityMaturityRollingAfterOneThroughFiveYearsWeightedAverageYield,percentItemType,false
DebtSecuritiesHeldToMaturityMaturityRollingAfterTenYearsWeightedAverageYield,percentItemType,false
DebtSecuritiesAvailableForSaleRollingMaturityWeightedAverageYieldAbstract,stringItemType,true
DebtSecuritiesAvailableForSaleMaturityRollingWithinOneYearWeightedAverageYield,percentItemType,false
DebtSecuritiesAvailableForSaleMaturityRollingAfterOneThroughFiveYearsWeightedAverageYield,percentItemType,false
DebtSecuritiesHeldToMaturityMaturityWeightedAverageYieldAbstract,stringItemType,true
DebtSecuritiesHeldToMaturityMaturityWithinOneYearWeightedAverageYield,percentItemType,false
DebtSecuritiesHeldToMaturityMaturityAfterOneThroughFiveYearsWeightedAverageYield,percentItemType,false
DebtSecuritiesAvailableForSaleMaturityWeightedAverageYieldAbstract,stringItemType,true
DebtSecuritiesAvailableForSaleMaturityWithinOneYearWeightedAverageYield,percentItemType,false
DebtSecuritiesAvailableForSaleMaturityAfterOneThroughFiveYearsWeightedAverageYield,percentItemType,false
LongTermDebtFairValueByFairValueHierarchyLevelExtensibleList,enumerationSetItemType,false
DebtSecuritiesTradingTypeExtensibleList,enumerationSetItemType,false
DebtSecuritiesHeldToMaturityTypeExtensibleList,enumerationSetItemType,false
DebtSecuritiesTradingAndEquitySecuritiesFvNiCostAbstract,stringItemType,true
ContinuingCareRetirementCommunitiesObligationForFutureServiceInterestRate,percentItemType,false
DefinedBenefitPlanDebtSecurityCorporateJapanMember,domainItemType,true
DefinedBenefitPlanDebtSecurityCorporateNonJapanMember,domainItemType,true
DebtSecuritiesAvailableForSaleRestricted,monetaryItemType,false
DebtSecuritiesAvailableForSaleRestrictionTypeExtensibleList,enumerationSetItemType,false
LoansHeldForSaleFairValueByFairValueHierarchyLevelExtensibleList,enumerationSetItemType,false
NonConvertibleDebtFairValueByFairValueHierarchyLevelExtensibleList,enumerationSetItemType,false
LongTermDebtMeasurementInput,decimalItemType,false
DebtSecuritiesAvailableForSaleTable,stringItemType,true
DebtSecuritiesAvailableForSaleUnrealizedGainLoss,monetaryItemType,false
DebtSecuritiesAvailableForSaleRestrictedAbstract,stringItemType,true
DebtAndEquitySecuritiesUnrealizedGainLossExcludingOtherThanTemporaryImpairmentAbstract,stringItemType,true
DebtAndEquitySecuritiesUnrealizedGainLossExcludingOtherThanTemporaryImpairment,monetaryItemType,false
DebtAndEquitySecuritiesRealizedGainLossExcludingOtherThanTemporaryImpairmentAbstract,stringItemType,true
DebtSecuritiesRealizedGainLossExcludingOtherThanTemporaryImpairment,monetaryItemType,false
DebtAndEquitySecuritiesRealizedGainLossExcludingOtherThanTemporaryImpairment,monetaryItemType,false
DebtSecuritiesAvailableForSaleAndHeldToMaturityAbstract,stringItemType,true
DebtSecuritiesAvailableForSaleFairValueByFairValueHierarchyLevelExtensibleList,enumerationSetItemType,false
DebtSecuritiesHeldToMaturitySoldAmount,monetaryItemType,false
DebtSecuritiesAvailableForSaleCostOfSecuritySoldOrTransferredMethodSpecificIdentificationMember,domainItemType,true
DebtSecuritiesAvailableForSaleCostOfSecuritySoldOrTransferredMethodAverageCostMember,domainItemType,true
DebtSecuritiesAvailableForSaleContinuousUnrealizedLossPositionLessThan12MonthsNumberOfPositions,integerItemType,false
DebtSecuritiesAvailableForSaleContinuousUnrealizedLossPosition12MonthsOrLongerNumberOfPositions,integerItemType,false
DebtSecuritiesAvailableForSaleTransferToTradingGainLoss,monetaryItemType,false
DebtSecuritiesAvailableForSaleTransferToTradingGain,monetaryItemType,false
DebtSecuritiesHeldToMaturityTransferDerivativeHedgeGainLoss,monetaryItemType,false
DebtSecuritiesAvailableForSaleTransferToTradingLoss,monetaryItemType,false
DebtSecuritiesAvailableForSaleContinuousUnrealizedLossPositionLessThan12Months,monetaryItemType,false
DebtSecuritiesAvailableForSaleContinuousUnrealizedLossPosition12MonthsOrLonger,monetaryItemType,false
DebtSecuritiesAvailableForSaleMaturityRollingAfter10YearsWeightedAverageYield,percentItemType,false
DebtSecuritiesHeldToMaturityMaturityAfter10YearsWeightedAverageYield,percentItemType,false
DebtSecuritiesAvailableForSaleMaturityAfter10YearsWeightedAverageYield,percentItemType,false
DebtSecuritiesAvailableForSaleTerm,durationItemType,false
DebtSecuritiesAvailableForSaleMaturityDate,dateItemType,false
LoansHeldForSaleTerm,durationItemType,false
LoansHeldForSaleMaturityDate,dateItemType,false
LongTermDebtTerm,durationItemType,false
LongTermDebtMaturityDate,dateItemType,false
DebtSecuritiesAvailableForSaleTypeExtensibleList,enumerationSetItemType,false
DebtSecuritiesGainLossExcludingOtti,monetaryItemType,false
DebtSecuritiesGainLossExcludingOttiAbstract,stringItemType,true
SecSchedule1229RealEstateCompaniesInvestmentInMortgageLoansOnRealEstateTransactionWithAffiliateAmount,monetaryItemType,false
DebtSecuritiesAvailableForSaleCostOfSecurityTransferredMethodExtensibleList,enumerationSetItemType,false
LongTermDebtChangeInValuationTechnique,booleanItemType,false
DebtSecuritiesAvailableForSaleMaturityAfterFiveThroughTenYearsWeightedAverageYield,percentItemType,false
DebtSecuritiesAvailableForSaleMaturityRollingAfterFiveThroughTenYearsWeightedAverageYield,percentItemType,false
DebtSecuritiesHeldToMaturityMaturityAfterFiveThroughTenYearsWeightedAverageYield,percentItemType,false
DebtSecuritiesHeldToMaturityMaturityRollingAfterFiveThroughTenYearsWeightedAverageYield,percentItemType,false
DebtSecuritiesAvailableForSaleUnrealizedLossPosition,monetaryItemType,false
DebtSecuritiesAvailableForSaleUnrealizedLossPositionAccumulatedLoss,monetaryItemType,false
DebtSecuritiesAvailableForSaleUnrealizedLossPositionFairValueTableTextBlock,textBlockItemType,false
DebtSecuritiesAvailableForSaleUnrealizedLossPositionNumberOfPositions,integerItemType,false
DebtSecuritiesTradingAndAvailableForSale,monetaryItemType,false
DebtSecuritiesHeldToMaturityDerivativeCumulativeGain,monetaryItemType,false
DebtSecuritiesHeldToMaturityDerivativeCumulativeGainLoss,monetaryItemType,false
DebtSecuritiesHeldToMaturityDerivativeCumulativeLoss,monetaryItemType,false
DebtSecuritiesTradingAndEquitySecuritiesFvNiCost,monetaryItemType,false
DebtSecuritiesHeldToMaturityTransferAmount,monetaryItemType,false
DebtSecuritiesTradingAndEquitySecuritiesFvNiAbstract,stringItemType,true
DebtSecuritiesTradingAndAvailableForSaleAbstract,stringItemType,true
LiabilityForFuturePolicyBenefitExpectedFuturePolicyBenefitInterestExpense,monetaryItemType,false
LiabilityForFuturePolicyBenefitInterestExpense,monetaryItemType,false
MarketRiskBenefitIncreaseDecreaseFromInterestRateChange,monetaryItemType,false
MarketRiskBenefitInterestExpense,monetaryItemType,false
SeparateAccountDebtSecurityMember,domainItemType,true
FinancingReceivableLoanInProcess,monetaryItemType,false
DebtSecuritiesHeldToMaturityChangeInMethodCreditLossExpenseReversal,monetaryItemType,false
DebtSecuritiesHeldToMaturityPurchase,monetaryItemType,false
FinancingReceivableTroubledDebtRestructuringIncreaseDecreaseFromModification,monetaryItemType,false
DebtSecuritiesAvailableForSaleUnrealizedLossPositionFairValueTable,stringItemType,true
DebtSecuritiesHeldToMaturityCreditQualityIndicatorTable,stringItemType,true
DebtSecuritiesHeldToMaturityCreditQualityIndicatorTableTextBlock,textBlockItemType,false
DebtSecuritiesHeldToMaturityCreditQualityIndicatorLineItems,stringItemType,true
DebtSecuritiesHeldToMaturityCreditQualityIndicatorUpdateFrequencyExtensibleList,enumerationSetItemType,false
DebtSecuritiesHeldToMaturityCreditQualityIndicatorDateUpdated,dateItemType,false
DebtSecuritiesHeldToMaturityOriginatedInCurrentFiscalYear,monetaryItemType,false
DebtSecuritiesHeldToMaturityChangeInPresentValueExpenseReversal,monetaryItemType,false
DebtSecuritiesHeldToMaturityChangeInPresentValueInterestIncome,monetaryItemType,false
DebtSecuritiesHeldToMaturityAllowanceForCreditLossTableTextBlock,textBlockItemType,false
DebtSecuritiesHeldToMaturityAllowanceForCreditLossTable,stringItemType,true
DebtSecuritiesHeldToMaturityAllowanceForCreditLossRollForward,stringItemType,true
DebtSecuritiesHeldToMaturityAllowanceForCreditLossPeriodIncreaseDecrease,monetaryItemType,false
DebtSecuritiesHeldToMaturityAllowanceForCreditLoss,monetaryItemType,false
DebtSecuritiesHeldToMaturityAllowanceForCreditLossCurrent,monetaryItemType,false
DebtSecuritiesHeldToMaturityAllowanceForCreditLossNoncurrent,monetaryItemType,false
DebtSecuritiesHeldToMaturityCreditLossExpenseReversal,monetaryItemType,false
DebtSecuritiesHeldToMaturityAllowanceForCreditLossRecovery,monetaryItemType,false
DebtSecuritiesHeldToMaturityThresholdPeriodPastDue,durationItemType,false
DebtSecuritiesHeldToMaturityPastDueTableTextBlock,textBlockItemType,false
DebtSecuritiesHeldToMaturityPastDueTable,stringItemType,true
DebtSecuritiesHeldToMaturityPastDueLineItems,stringItemType,true
DebtSecuritiesHeldToMaturityNonaccrualLineItems,stringItemType,true
DebtSecuritiesHeldToMaturityNonaccrualTable,stringItemType,true
DebtSecuritiesHeldToMaturityNonaccrual,monetaryItemType,false
DebtSecuritiesHeldToMaturityNonaccrualInterestIncome,monetaryItemType,false
DebtSecuritiesHeldToMaturityNonaccrualNoAllowance,monetaryItemType,false
DebtSecuritiesHeldToMaturityPurchasedWithCreditDeteriorationAmountAtPurchasePrice,monetaryItemType,false
DebtSecuritiesHeldToMaturityPurchasedWithCreditDeteriorationDiscountPremium,monetaryItemType,false
DebtSecuritiesHeldToMaturityPurchasedWithCreditDeteriorationAmountAtParValue,monetaryItemType,false
DebtSecuritiesAvailableForSaleAmortizedCostCurrent,monetaryItemType,false
DebtSecuritiesAvailableForSaleAmortizedCostNoncurrent,monetaryItemType,false
DebtSecuritiesAvailableForSaleAllowanceForCreditLossCurrent,monetaryItemType,false
DebtSecuritiesAvailableForSaleAllowanceForCreditLossNoncurrent,monetaryItemType,false
AociDebtSecuritiesAvailableForSaleWithAllowanceForCreditLossCumulativeGainLossAfterTax,monetaryItemType,false
AociDebtSecuritiesAvailableForSaleWithoutAllowanceForCreditLossCumulativeGainLossAfterTax,monetaryItemType,false
DebtSecuritiesAvailableForSaleChangeInPresentValueExpenseReversal,monetaryItemType,false
DebtSecuritiesAvailableForSaleChangeInPresentValueInterestIncome,monetaryItemType,false
DebtSecuritiesAvailableForSaleAllowanceForCreditLossTableTextBlock,textBlockItemType,false
DebtSecuritiesAvailableForSaleAllowanceForCreditLossTable,stringItemType,true
DebtSecuritiesAvailableForSaleAllowanceForCreditLossRollForward,stringItemType,true
DebtSecuritiesAvailableForSaleAllowanceForCreditLoss,monetaryItemType,false
DebtSecuritiesAvailableForSaleAllowanceForCreditLossNotPreviouslyRecorded,monetaryItemType,false
DebtSecuritiesAvailableForSaleAllowanceForCreditLossPurchasedWithCreditDeteriorationIncrease,monetaryItemType,false
DebtSecuritiesAvailableForSaleAllowanceForCreditLossSecuritiesSold,monetaryItemType,false
DebtSecuritiesAvailableForSaleAllowanceForCreditLossSellBeforeRecovery,monetaryItemType,false
DebtSecuritiesAvailableForSaleAllowanceForCreditLossNotToSellBeforeRecoveryCreditLossPreviouslyRecordedExpenseReversal,monetaryItemType,false
DebtSecuritiesAvailableForSaleAllowanceForCreditLossRecovery,monetaryItemType,false
DebtSecuritiesAvailableForSaleAllowanceForCreditLossPeriodIncreaseDecrease,monetaryItemType,false
DebtSecuritiesAvailableForSalePurchasedWithCreditDeteriorationAmountAtPurchasePrice,monetaryItemType,false
DebtSecuritiesAvailableForSalePurchasedWithCreditDeteriorationDiscountPremium,monetaryItemType,false
DebtSecuritiesAvailableForSalePurchasedWithCreditDeteriorationAmountAtParValue,monetaryItemType,false
DebtSecuritiesHeldtomaturityAllowanceForCreditLossLineItems,stringItemType,true
DebtSecuritiesHeldToMaturitySale,monetaryItemType,false
DebtSecuritiesAvailableforsaleAllowanceForCreditLossLineItems,stringItemType,true
DebtSecuritiesHeldtoMaturityNonaccrualTableTextBlock,textBlockItemType,false
DebtSecuritiesHeldToMaturityPurchasedWithCreditDeteriorationAllowanceForCreditLossAtAcquisitionDate,monetaryItemType,false
DebtSecuritiesAvailableForSalePurchasedWithCreditDeteriorationAllowanceForCreditLossAtAcquisitionDate,monetaryItemType,false
DebtSecuritiesHeldToMaturityOriginatedInFiscalYearBeforeLatestFiscalYear,monetaryItemType,false
DebtSecuritiesHeldToMaturityOriginatedTwoYearsBeforeLatestFiscalYear,monetaryItemType,false
DebtSecuritiesHeldToMaturityOriginatedThreeYearsBeforeLatestFiscalYear,monetaryItemType,false
DebtSecuritiesHeldToMaturityOriginatedFourYearsBeforeLatestFiscalYear,monetaryItemType,false
DebtSecuritiesHeldToMaturityOriginatedFiveOrMoreYearsBeforeLatestFiscalYear,monetaryItemType,false
DebtSecuritiesHeldtomaturityAllowanceForCreditLossAbstract,stringItemType,true
DebtSecuritiesAvailableforsaleAllowanceForCreditLossAbstract,stringItemType,true
DebtSecuritiesAvailableforsaleAmortizedCostAbstract,stringItemType,true
UsTreasuryUstInterestRateMember,domainItemType,true
FinancingReceivableUnamortizedLoanCommitmentOriginationFeeAndPremiumDiscount,monetaryItemType,false
ProceedsDebtSecuritiesAvailableForSalePreviouslyWrittenOffRecovery,monetaryItemType,false
ProceedsDebtSecuritiesHeldToMaturityPreviouslyWrittenOffRecovery,monetaryItemType,false
DebtSecuritiesHeldToMaturity90DaysOrMorePastDueStillAccruing,monetaryItemType,false
AociGainLossDebtSecuritiesAvailableForSaleWithAllowanceForCreditLossParentMember,domainItemType,true
AociGainLossDebtSecuritiesAvailableForSaleWithAllowanceForCreditLossIncludingNoncontrollingInterestMember,domainItemType,true
AociGainLossDebtSecuritiesAvailableForSaleWithAllowanceForCreditLossNoncontrollingInterestMember,domainItemType,true
AociGainLossDebtSecuritiesAvailableForSaleWithoutAllowanceForCreditLossParentMember,domainItemType,true
AociGainLossDebtSecuritiesAvailableForSaleWithoutAllowanceForCreditLossIncludingNoncontrollingInterestMember,domainItemType,true
AociGainLossDebtSecuritiesAvailableForSaleWithoutAllowanceForCreditLossNoncontrollingInterestMember,domainItemType,true
DebtSecuritiesAvailableForSaleAllowanceForCreditLossWriteoff,monetaryItemType,false
DebtSecuritiesHeldToMaturityAllowanceForCreditLossWriteoff,monetaryItemType,false
DebtSecuritiesHeldToMaturityThresholdPeriodPastDueWriteoff,durationItemType,false
DebtSecuritiesAvailableforsalePurchasedWithCreditDeteriorationAmountAtPurchasePriceAbstract,stringItemType,true
DebtSecuritiesHeldtomaturityPurchasedWithCreditDeteriorationAmountAtPurchasePriceAbstract,stringItemType,true
DebtSecuritiesHeldToMaturityAccountingPolicyElectionAccruedInterestWriteoffMethodFixedList,accruedInterestWriteOffMethodItemType,false
DebtSecuritiesAvailableForSaleAccountingPolicyElectionAccruedInterestWriteoffMethodFixedList,accruedInterestWriteOffMethodItemType,false
DebtSecuritiesHeldToMaturityAccruedInterestAfterAllowanceForCreditLossStatementOfFinancialPositionExtensibleList,enumerationSetItemType,false
DebtSecuritiesAvailableForSaleAccruedInterestAfterAllowanceForCreditLossStatementOfFinancialPositionExtensibleList,enumerationSetItemType,false
DebtSecuritiesAvailableForSaleAccruedInterestAfterAllowanceForCreditLossCurrentStatementOfFinancialPositionExtensibleList,enumerationSetItemType,false
DebtSecuritiesAvailableForSaleAccruedInterestAfterAllowanceForCreditLossNoncurrentStatementOfFinancialPositionExtensibleList,enumerationSetItemType,false
DebtSecuritiesHeldToMaturityAccountingPolicyElectionNotToMeasureAllowanceForCreditLossForAccruedInterest,booleanItemType,false
DebtSecuritiesHeldToMaturityExcludedAccruedInterest,booleanItemType,false
DebtSecuritiesAvailableForSaleAccountingPolicyElectionNotToMeasureAllowanceForCreditLossForAccruedInterest,booleanItemType,false
DebtSecuritiesAvailableForSaleExcludedAccruedInterestFromAmortizedCost,booleanItemType,false
FinancingReceivableAccountingPolicyElectionAdjustmentOfEffectiveInterestRate,booleanItemType,false
AccountsReceivableNoncurrentAccountingPolicyElectionAdjustmentOfEffectiveInterestRate,booleanItemType,false
DebtSecuritiesHeldToMaturityAccountingPolicyElectionAdjustmentOfEffectiveInterestRate,booleanItemType,false
NetInvestmentInLeaseAccountingPolicyElectionAdjustmentOfEffectiveInterestRate,booleanItemType,false
SalesTypeLeaseNetInvestmentInLeaseAccountingPolicyElectionAdjustmentOfEffectiveInterestRate,booleanItemType,false
DirectFinancingLeaseNetInvestmentInLeaseAccountingPolicyElectionAdjustmentOfEffectiveInterestRate,booleanItemType,false
DebtSecuritiesAvailableForSaleAccountingPolicyElectionAdjustmentOfEffectiveInterestRate,booleanItemType,false
DebtSecuritiesHeldToMaturityAccruedInterestThresholdPeriodWriteoff,durationItemType,false
DebtSecuritiesAvailableForSaleAccruedInterestThresholdPeriodWriteoff,durationItemType,false
DebtSecuritiesHeldToMaturityAccruedInterestAfterAllowanceForCreditLoss,monetaryItemType,false
DebtSecuritiesHeldToMaturityAccruedInterestBeforeAllowanceForCreditLoss,monetaryItemType,false
DebtSecuritiesHeldToMaturityAccruedInterestWriteoff,monetaryItemType,false
DebtSecuritiesAvailableForSaleAccruedInterestAfterAllowanceForCreditLoss,monetaryItemType,false
DebtSecuritiesAvailableForSaleAccruedInterestAfterAllowanceForCreditLossCurrent,monetaryItemType,false
DebtSecuritiesAvailableForSaleAccruedInterestAfterAllowanceForCreditLossNoncurrent,monetaryItemType,false
OciDebtSecuritiesAvailableForSaleTransferToHeldToMaturityAdjustmentFromAociForAmortizationOfGainLossBeforeTax,monetaryItemType,false
OciDebtSecuritiesAvailableForSaleTransferToHeldToMaturityAdjustmentFromAociForAmortizationOfGainLossTax,monetaryItemType,false
OciDebtSecuritiesAvailableForSaleTransferToHeldToMaturityAdjustmentFromAociForAmortizationOfGainLossAfterTax,monetaryItemType,false
DebtSecuritiesHeldToMaturityTransferToAvailableForSaleAllowanceForCreditLossExpenseReversal,monetaryItemType,false
DebtSecuritiesHeldToMaturityTransferToAvailableForSaleAllowanceForCreditLossExpense,monetaryItemType,false
DebtSecuritiesAvailableForSaleTransferToHeldToMaturityAllowanceForCreditLossExpenseReversal,monetaryItemType,false
DebtSecuritiesAvailableForSaleTransferToHeldToMaturityAllowanceForCreditLossExpense,monetaryItemType,false
FinancingReceivableRevolvingConvertedToTermLoan,monetaryItemType,false
FinancingReceivableRevolvingConvertedToTermLoanDuringPeriod,monetaryItemType,false
DebtSecuritiesAvailableForSaleAccruedInterestAfterAllowanceForCreditLossAbstract,stringItemType,true
AccountingPolicyElectionAdjustmentOfEffectiveInterestRateAbstract,stringItemType,true
ConstructionContractorReceivableAfterYearOneInterestRateLineItems,stringItemType,true
AccountingPolicyElectionTroubledDebtRestructuringPrepaymentAssumptionAdoptionOfAccountingStandardsUpdate201613,booleanItemType,false
ConstructionContractorReceivableToBeCollectedAfterYearOneInterestRate,percentItemType,false
ConstructionContractorReceivableToBeCollectedAfterYearOneInterestRateTable,stringItemType,true
DebtSecuritiesAvailableForSaleAccruedInterestWriteoff,monetaryItemType,false
FinancingReceivableUnamortizedLoanFeeCost,monetaryItemType,false
FinancingReceivableUnamortizedLoanFeeCostAndPurchasePremiumDiscountAbstract,stringItemType,true
DebtSecuritiesHeldToMaturityReferenceRateReformSaleOrTransferElection,booleanItemType,false
DebtSecuritiesAvailableForSaleAmortizedCostAfterAllowanceForCreditLoss,monetaryItemType,false
DebtSecuritiesAvailableForSaleAmortizedCostAfterAllowanceForCreditLossCurrent,monetaryItemType,false
DebtSecuritiesAvailableForSaleAmortizedCostAfterAllowanceForCreditLossNoncurrent,monetaryItemType,false
DebtSecuritiesHeldToMaturityAmortizedCostAfterAllowanceForCreditLoss,monetaryItemType,false
DebtSecuritiesHeldToMaturityAmortizedCostAfterAllowanceForCreditLossCurrent,monetaryItemType,false
DebtSecuritiesHeldToMaturityAmortizedCostAfterAllowanceForCreditLossNoncurrent,monetaryItemType,false
DebtSecuritiesHeldToMaturityFairValueCurrent,monetaryItemType,false
DebtSecuritiesHeldToMaturityFairValueNoncurrent,monetaryItemType,false
DebtSecuritiesAvailableForSaleAndHeldToMaturityAmortizedCostAfterAllowanceForCreditLoss,monetaryItemType,false
DebtSecuritiesAvailableForSaleAndHeldToMaturityCumulativeUnrecognizedGain,monetaryItemType,false
DebtSecuritiesAvailableForSaleAndHeldToMaturityCumulativeUnrecognizedLoss,monetaryItemType,false
DebtSecuritiesAvailableForSaleAndHeldToMaturityFairValue,monetaryItemType,false
DebtSecuritiesHeldToMaturityAmortizedCostAfterAllowanceForCreditLossAbstract,stringItemType,true
DebtSecuritiesHeldToMaturityAmortizedCostAfterAllowanceForCreditLossNoncurrentAbstract,stringItemType,true
DebtSecuritiesHeldToMaturityAmortizedCostAfterAllowanceForCreditLossCurrentAbstract,stringItemType,true
DebtSecuritiesHeldToMaturityFairValueAbstract,stringItemType,true
DebtSecuritiesAvailableForSaleAmortizedCostAfterAllowanceForCreditLossAbstract,stringItemType,true
DebtSecuritiesAvailableForSaleAndHeldToMaturityFairValueToAmortizedCostAfterAllowanceForCreditLossAbstract,stringItemType,true
DebtSecuritiesAvailableForSaleAndHeldToMaturityAllowanceForCreditLoss,monetaryItemType,false
DebtSecuritiesAvailableForSaleAndHeldToMaturityAmortizedCostBeforeAllowanceForCreditLoss,monetaryItemType,false
DebtSecuritiesAvailableForSaleAndHeldToMaturityAmortizedCostAfterAllowanceForCreditLossAbstract,stringItemType,true
DebtSecuritiesHeldToMaturityExcludingAccruedInterestBeforeAllowanceForCreditLoss,monetaryItemType,false
DebtSecuritiesHeldToMaturityExcludingAccruedInterestBeforeAllowanceForCreditLossCurrent,monetaryItemType,false
DebtSecuritiesHeldToMaturityExcludingAccruedInterestBeforeAllowanceForCreditLossNoncurrent,monetaryItemType,false
DebtSecuritiesAvailableForSaleAmortizedCostExcludingAccruedInterestBeforeAllowanceForCreditLoss,monetaryItemType,false
DebtSecuritiesAvailableForSaleAmortizedCostExcludingAccruedInterestBeforeAllowanceForCreditLossCurrent,monetaryItemType,false
DebtSecuritiesAvailableForSaleAmortizedCostExcludingAccruedInterestBeforeAllowanceForCreditLossNoncurrent,monetaryItemType,false
DebtSecuritiesHeldToMaturityAllowanceForCreditLossExcludingAccruedInterest,monetaryItemType,false
DebtSecuritiesHeldToMaturityAllowanceForCreditLossExcludingAccruedInterestCurrent,monetaryItemType,false
DebtSecuritiesHeldToMaturityAllowanceForCreditLossExcludingAccruedInterestNoncurrent,monetaryItemType,false
DebtSecuritiesAvailableForSaleAmortizedCostAllowanceForCreditLossExcludingAccruedInterest,monetaryItemType,false
DebtSecuritiesAvailableForSaleAmortizedCostAllowanceForCreditLossExcludingAccruedInterestCurrent,monetaryItemType,false
DebtSecuritiesAvailableForSaleAmortizedCostAllowanceForCreditLossExcludingAccruedInterestNoncurrent,monetaryItemType,false
FinancingReceivableExcludingAccruedInterestRevolvingConvertedToTermLoan,monetaryItemType,false
DebtSecuritiesHeldToMaturityExcludingAccruedInterestYearOneOriginatedCurrentFiscalYear,monetaryItemType,false
DebtSecuritiesHeldToMaturityExcludingAccruedInterestYearTwoOriginatedFiscalYearBeforeCurrentFiscalYear,monetaryItemType,false
DebtSecuritiesHeldToMaturityExcludingAccruedInterestYearThreeOriginatedTwoYearsBeforeCurrentFiscalYear,monetaryItemType,false
DebtSecuritiesHeldToMaturityExcludingAccruedInterestYearFourOriginatedThreeYearsBeforeCurrentFiscalYear,monetaryItemType,false
DebtSecuritiesHeldToMaturityExcludingAccruedInterestYearFiveOriginatedFourYearsBeforeCurrentFiscalYear,monetaryItemType,false
DebtSecuritiesHeldToMaturityExcludingAccruedInterestOriginatedMoreThanFiveYearsBeforeCurrentFiscalYear,monetaryItemType,false
DebtSecuritiesHeldToMaturityExcludingAccruedInterestBeforeAllowanceForCreditLossAbstract,stringItemType,true
ReorganizationChapter11DebtorInPossessionMember,domainItemType,true
ReorganizationChapter11DebtorInPossessionAllEntities,booleanItemType,false
DebtInstrumentConvertibleConversionDate,dateItemType,false
DebtInstrumentConvertibleControlOfRightsFixedList,controlOfRightsItemType,false
DebtInstrumentConvertibleSettlementMethodExtensibleEnumeration,enumerationSetItemType,false
DebtInstrumentConvertibleSettlementMethodAbstract,stringItemType,true
DebtInstrumentConvertibleLiquidationPreferenceValue,monetaryItemType,false
DebtInstrumentConvertibleLiquidationPreferencePerShare,perShareItemType,false
AdjustmentToAdditionalPaidInCapitalConvertibleDebtInstrumentIssuedAtSubstantialPremium,monetaryItemType,false
LongTermDebtAverageAmountOutstanding,monetaryItemType,false
InterestExpenseInterestBearingLiabilityAbstract,stringItemType,true
InterestExpenseInterestBearingLiability,monetaryItemType,false
InterestExpenseInterestBearingLiabilityIncreaseDecreaseAbstract,stringItemType,true
InterestExpenseSavingsDepositIncreaseDecrease,monetaryItemType,false
InterestExpenseTimeDepositIncreaseDecrease,monetaryItemType,false
InterestExpenseFederalFundsPurchasedIncreaseDecrease,monetaryItemType,false
InterestExpenseSecuritySoldUnderAgreementToRepurchaseIncreaseDecrease,monetaryItemType,false
InterestExpenseShortTermDebtOtherIncreaseDecrease,monetaryItemType,false
InterestExpenseLongTermDebtIncreaseDecrease,monetaryItemType,false
InterestExpenseInterestBearingLiabilityIncreaseDecrease,monetaryItemType,false
FinancingReceivableFixedAndAdjustableInterestRatesAbstract,stringItemType,true
FinancingReceivableBeforeAllowanceForCreditLossPredeterminedInterestRateMaturityAfterYearOne,monetaryItemType,false
FinancingReceivableBeforeAllowanceForCreditLossPredeterminedInterestRateMaturityRollingAfterOneYear,monetaryItemType,false
FinancingReceivableBeforeAllowanceForCreditLossAdjustableInterestRateMaturityAfterYearOne,monetaryItemType,false
FinancingReceivableBeforeAllowanceForCreditLossAdjustableInterestRateMaturityRollingAfterOneYear,monetaryItemType,false
DebtSecuritiesHeldToMaturityWeightedAverageYield,percentItemType,false
DebtSecuritiesAvailableForSaleWeightedAverageYield,percentItemType,false
DebtSecuritiesHeldToMaturityExcludingAccruedInterestAfterAllowanceForCreditLoss,monetaryItemType,false
DebtSecuritiesAvailableForSaleAmortizedCostExcludingAccruedInterestAfterAllowanceForCreditLoss,monetaryItemType,false
DebtSecuritiesAvailableForSaleExcludingAccruedInterest,monetaryItemType,false
DebtSecuritiesAvailableForSaleExcludingAccruedInterestCurrent,monetaryItemType,false
DebtSecuritiesAvailableForSaleExcludingAccruedInterestNoncurrent,monetaryItemType,false
DebtSecuritiesHeldToMaturityExcludingAccruedInterestAfterAllowanceForCreditLossCurrent,monetaryItemType,false
DebtSecuritiesAvailableForSaleAmortizedCostExcludingAccruedInterestAfterAllowanceForCreditLossCurrent,monetaryItemType,false
DebtSecuritiesHeldToMaturityExcludingAccruedInterestAfterAllowanceForCreditLossNoncurrent,monetaryItemType,false
DebtSecuritiesAvailableForSaleAmortizedCostExcludingAccruedInterestAfterAllowanceForCreditLossNoncurrent,monetaryItemType,false
DebtSecuritiesHeldToMaturityExcludingAccruedInterestAfterAllowanceForCreditLossAbstract,stringItemType,true
DebtSecuritiesAvailableForSaleAmortizedCostExcludingAccruedInterestAfterAllowanceForCreditLossAbstract,stringItemType,true
DebtSecuritiesHeldToMaturityExcludingAccruedInterestAfterAllowanceForCreditLossCurrentAbstract,stringItemType,true
DebtSecuritiesAvailableForSaleAmortizedCostExcludingAccruedInterestAfterAllowanceForCreditLossCurrentAbstract,stringItemType,true
DebtSecuritiesHeldToMaturityExcludingAccruedInterestAfterAllowanceForCreditLossNoncurrentAbstract,stringItemType,true
DebtSecuritiesAvailableForSaleAmortizedCostExcludingAccruedInterestAfterAllowanceForCreditLossNoncurrentAbstract,stringItemType,true
EquityClassifiedWrittenCallOptionModificationDebtOriginationIncreaseInEquityAmount,monetaryItemType,false
EquityClassifiedWrittenCallOptionModificationDebtModificationIncreaseDecreaseInEquityAmount,monetaryItemType,false
DebtSecuritiesAvailableforSaleUnrealizedLossPositionAbstract,stringItemType,true
DebtSecuritiesHeldToMaturityExcludingAccruedInterestCreditLossExpenseReversal,monetaryItemType,false
DebtSecuritiesAvailableForSaleExcludingAccruedInterestAllowanceForCreditLossNotPreviouslyRecorded,monetaryItemType,false
DebtSecuritiesAvailableForSaleExcludingAccruedInterestAllowanceForCreditLossNotToSellBeforeRecoveryCreditLossPreviouslyRecordedExpenseReversal,monetaryItemType,false
DebtSecuritiesHeldToMaturityExcludingAccruedInterestAllowanceForCreditLossWriteoff,monetaryItemType,false
DebtSecuritiesAvailableForSaleExcludingAccruedInterestAllowanceForCreditLossWriteoff,monetaryItemType,false
DebtSecuritiesHeldToMaturityExcludingAccruedInterestAllowanceForCreditLossRecovery,monetaryItemType,false
DebtSecuritiesAvailableForSaleExcludingAccruedInterestAllowanceForCreditLossRecovery,monetaryItemType,false
DebtSecuritiesHeldToMaturityExcludingAccruedInterestTransferToAvailableForSaleAllowanceForCreditLossExpenseReversal,monetaryItemType,false
DebtSecuritiesAvailableForSaleExcludingAccruedInterestTransferToHeldToMaturityAllowanceForCreditLossExpenseReversal,monetaryItemType,false
DebtSecuritiesHeldToMaturityExcludingAccruedInterestTransferToAvailableForSaleAllowanceForCreditLossExpense,monetaryItemType,false
DebtSecuritiesAvailableForSaleExcludingAccruedInterestTransferToHeldToMaturityAllowanceForCreditLossExpense,monetaryItemType,false
DebtSecuritiesAvailableForSaleExcludingAccruedInterestAllowanceForCreditLossSecuritiesSold,monetaryItemType,false
DebtSecuritiesAvailableForSaleExcludingAccruedInterestAllowanceForCreditLossSellBeforeRecovery,monetaryItemType,false
DebtSecuritiesHeldToMaturityExcludingAccruedInterestAllowanceForCreditLossPeriodIncreaseDecrease,monetaryItemType,false
DebtSecuritiesAvailableForSaleExcludingAccruedInterestAllowanceForCreditLossPeriodIncreaseDecrease,monetaryItemType,false
DebtSecuritiesHeldToMaturityExcludingAccruedInterestAllowanceForCreditLossRollForward,stringItemType,true
DebtSecuritiesAvailableForSaleExcludingAccruedInterestAllowanceForCreditLossRollForward,stringItemType,true
DebtSecuritiesHeldToMaturityAmortizedCostExcludingAccruedInterestAfterAllowanceForCreditLossMaturityAllocatedAndSingleMaturityDateYearOne,monetaryItemType,false
DebtSecuritiesHeldToMaturityAmortizedCostExcludingAccruedInterestAfterAllowanceForCreditLossMaturityAllocatedAndSingleMaturityDateAfterYearOneThroughFive,monetaryItemType,false
DebtSecuritiesHeldToMaturityAmortizedCostExcludingAccruedInterestAfterAllowanceForCreditLossMaturityAllocatedAndSingleMaturityDateAfterYear5Through10,monetaryItemType,false
DebtSecuritiesHeldToMaturityAmortizedCostExcludingAccruedInterestAfterAllowanceForCreditLossMaturityAllocatedAndSingleMaturityDateAfterYear10,monetaryItemType,false
DebtSecuritiesHeldToMaturityAmortizedCostExcludingAccruedInterestAfterAllowanceForCreditLossMaturityAllocatedAndSingleMaturityDate,monetaryItemType,false
DebtSecuritiesHeldToMaturityAmortizedCostExcludingAccruedInterestAfterAllowanceForCreditLossMaturityWithoutSingleMaturityDate,monetaryItemType,false
DebtSecuritiesHeldToMaturityAmortizedCostExcludingAccruedInterestAfterAllowanceForCreditLossMaturityAllocatedAndSingleMaturityDateRollingMaturityAbstract,stringItemType,true
DebtSecuritiesHeldToMaturityAmortizedCostExcludingAccruedInterestAfterAllowanceForCreditLossMaturityAllocatedAndSingleMaturityDateRollingWithinOneYear,monetaryItemType,false
DebtSecuritiesHeldToMaturityAmortizedCostExcludingAccruedInterestAfterAllowanceForCreditLossMaturityAllocatedAndSingleMaturityDateRollingAfterOneThroughFiveYears,monetaryItemType,false
DebtSecuritiesHeldToMaturityAmortizedCostExcludingAccruedInterestAfterAllowanceForCreditLossMaturityAllocatedAndSingleMaturityDateRollingAfter5Through10Years,monetaryItemType,false
DebtSecuritiesHeldToMaturityAmortizedCostExcludingAccruedInterestAfterAllowanceForCreditLossMaturityAllocatedAndSingleMaturityDateRollingAfter10Years,monetaryItemType,false
DebtSecuritiesHeldToMaturityExcludingAccruedInterestAllowanceForCreditLossAbstract,stringItemType,true
DebtSecuritiesAvailableForSaleExcludingAccruedInterestPurchasedWithCreditDeteriorationAllowanceForCreditLossAtAcquisitionDate,monetaryItemType,false
DebtSecuritiesHeldToMaturityExcludingAccruedInterestChangeInMethodCreditLossExpenseReversal,monetaryItemType,false
DebtSecuritiesHeldToMaturityExcludingAccruedInterestPurchase,monetaryItemType,false
DebtSecuritiesHeldToMaturityExcludingAccruedInterestPurchasedWithCreditDeteriorationAllowanceForCreditLossAtAcquisitionDate,monetaryItemType,false
DebtSecuritiesHeldToMaturityExcludingAccruedInterestSale,monetaryItemType,false
FinancingReceivableExcludingAccruedInterestRevolvingConvertedToTermLoanDuringPeriod,monetaryItemType,false
DebtSecuritiesHeldToMaturityExcludingAccruedInterestNonaccrual,monetaryItemType,false
DebtSecuritiesHeldToMaturityExcludingAccruedInterest90DaysOrMorePastDueStillAccruing,monetaryItemType,false
DebtSecuritiesHeldToMaturityExcludingAccruedInterestNonaccrualNoAllowance,monetaryItemType,false
FinancingReceivableAllowanceForCreditLossLoanPurchased,monetaryItemType,false
FinancingReceivableExcludingAccruedInterestAllowanceForCreditLossLoanPurchased,monetaryItemType,false
DebtSecuritiesHeldToMaturityExcludingAccruedInterestNonaccrualAbstract,stringItemType,true
DebtSecuritiesHeldToMaturityExcludingAccruedInterestAfterAllowanceForCreditLossRollingMaturityAbstract,stringItemType,true
DebtSecuritiesHeldToMaturityExcludingAccruedInterestAfterAllowanceForCreditLossMaturityAbstract,stringItemType,true
DebtSecuritiesHeldToMaturityAmortizedCostExcludingAccruedInterestAfterAllowanceForCreditLossMaturityAllocatedAndSingleMaturityDateAbstract,stringItemType,true
FinancingReceivableAllowanceForCreditLossLoanSold,monetaryItemType,false
FinancingReceivableExcludingAccruedInterestAllowanceForCreditLossLoanSold,monetaryItemType,false
DebtSecuritiesAvailableForSalePledgedStatusExtensibleEnumeration,enumerationSetItemType,false
DebtSecuritiesAvailableForSalePledgingPurposeExtensibleEnumeration,enumerationSetItemType,false
DebtSecuritiesTradingPledgedStatusExtensibleEnumeration,enumerationSetItemType,false
DebtSecuritiesTradingPledgingPurposeExtensibleEnumeration,enumerationSetItemType,false
DebtSecuritiesHeldToMaturityPledgedStatusExtensibleEnumeration,enumerationSetItemType,false
DebtSecuritiesHeldToMaturityPledgingPurposeExtensibleEnumeration,enumerationSetItemType,false
DebtSecuritiesPledgedStatusExtensibleEnumeration,enumerationSetItemType,false
DebtSecuritiesPledgingPurposeExtensibleEnumeration,enumerationSetItemType,false
LongTermDebtCurrentRecourseStatusExtensibleEnumeration,enumerationSetItemType,false
LongTermDebtNoncurrentRecourseStatusExtensibleEnumeration,enumerationSetItemType,false
LongTermDebtRecourseStatusExtensibleEnumeration,enumerationSetItemType,false
ShortTermDebtRecourseStatusExtensibleEnumeration,enumerationSetItemType,false
GainLossOnExtinguishmentDebtRecourseStatusExtensibleEnumeration,enumerationSetItemType,false
FinancingReceivableExcludingAccruedInterestBeforeAllowanceForCreditLossFeeAndLoanInProcess,monetaryItemType,false
SecurityLoanedAfterOffsetSubjectToMasterNettingArrangementAbstract,stringItemType,true
SecurityLoanedAfterOffsetSubjectToMasterNettingArrangement,monetaryItemType,false
SecurityLoanedAfterOffsetAndDeductionSubjectToMasterNettingArrangementAbstract,stringItemType,true
SecurityLoanedAfterOffsetAndDeductionSubjectToMasterNettingArrangement,monetaryItemType,false
DerivativeLiabilitySecuritySoldUnderAgreementToRepurchaseSecurityLoanedAfterOffsetSubjectToMasterNettingArrangementAbstract,stringItemType,true
DerivativeLiabilitySecuritySoldUnderAgreementToRepurchaseSecurityLoanedAfterOffsetSubjectToMasterNettingArrangement,monetaryItemType,false
DerivativeLiabilitySecuritySoldUnderAgreementToRepurchaseSecurityLoanedAfterOffsetAndDeductionSubjectToMasterNettingArrangementAbstract,stringItemType,true
DerivativeLiabilitySecuritySoldUnderAgreementToRepurchaseSecurityLoanedAfterOffsetAndDeductionSubjectToMasterNettingArrangement,monetaryItemType,false
DebtSecuritiesHeldToMaturityAllowanceForCreditLossPurchasedWithCreditDeteriorationIncrease,monetaryItemType,false
SecuritiesLoanedAlternativeAbstract,stringItemType,true
DerivativeLiabilitySecuritiesSoldUnderAgreementsToRepurchaseSecuritiesLoanedAlternativeAbstract,stringItemType,true
DebtSecuritiesHeldToMaturityTransferToAvailableForSaleAllowanceForCreditLossAccumulatedExpenseReversal,monetaryItemType,false
DebtSecuritiesAvailableForSaleTransferredFromHeldToMaturityAllowanceForCreditLossAccumulatedExpense,monetaryItemType,false
FinancingReceivableModifiedWeightedAverageInterestRateDecreaseFromModification,percentItemType,false
FinancingReceivableRevolvingConvertedToTermLoanWriteoff,monetaryItemType,false
ExtendedMaturityAndInterestRateReductionMember,domainItemType,true
FinancingReceivableExcludingAccruedInterestRevolvingConvertedToTermLoanWriteoff,monetaryItemType,false
InvestmentVariableInterestRateTypeExtensibleEnumeration,enumerationSetItemType,false
InvestmentInterestRatePaidInKind,percentItemType,false
InvestmentInterestRatePaidInCash,percentItemType,false
InvestmentInterestRateFloor,percentItemType,false
InvestmentPartialInterestPaid,booleanItemType,false
InvestmentCompanySeniorSecurityIndebtednessAssetCoverageRatio,percentItemType,false
DebtInstrumentIssuedPrincipal,monetaryItemType,false
DebtInstrumentRepaidPrincipal,monetaryItemType,false
InvestmentCompanyDebtInstrumentAmountRepaidToPrincipalExcessLess,monetaryItemType,false
InvestmentCompanyDebtInstrumentAmountRepaidToNavExcessLess,monetaryItemType,false
DebtAndEquitySecuritiesAndForeignCurrencyTransactionPriceChangeRealizedGainLossOperatingBeforeTax,monetaryItemType,false
DebtAndEquitySecuritiesAndForeignCurrencyTransactionPriceChangeUnrealizedGainLossOperatingBeforeTax,monetaryItemType,false
SegmentInterestRevenueReportedNetOfInterestExpense,booleanItemType,false
InterestExpenseRelatedAndNonrelatedPartyStatusExtensibleEnumeration,enumerationSetItemType,false
InterestExpenseOperatingRelatedPartyTypeExtensibleEnumeration,enumerationSetItemType,false
InterestExpenseOperatingRelatedPartyCounterpartyNameExtensibleEnumeration,enumerationSetItemType,false
DebtInstrumentVariableInterestRateTypeExtensibleEnumeration,enumerationSetItemType,false
DebtSecurityNonincomeProducing,monetaryItemType,false
MortgageLoanOnRealEstateNonincomeProducing,monetaryItemType,false
DelayedDrawTermLoanMember,domainItemType,true
InterestExpenseNonoperating,monetaryItemType,false
InterestExpenseOperating,monetaryItemType,false
InterestExpenseNonoperatingAbstract,stringItemType,true
InterestExpenseOperatingAbstract,stringItemType,true
FinancingReceivableModifiedWeightedAverageInterestRateAfterModification,percentItemType,false
FinancingReceivableModifiedWeightedAverageInterestRateBeforeModification,percentItemType,false
